REPLACE INTO `creature_template` (`entry`, `difficulty_entry_1`, `difficulty_entry_2`, `difficulty_entry_3`, `KillCredit1`, `KillCredit2`, `name`, `femaleName`, `subname`, `IconName`, `gossip_menu_id`, `minlevel`, `maxlevel`, `HealthScalingExpansion`, `RequiredExpansion`, `VignetteID`, `faction`, `npcflag`, `speed_walk`, `speed_run`, `scale`, `rank`, `dmgschool`, `BaseAttackTime`, `RangeAttackTime`, `BaseVariance`, `RangeVariance`, `unit_class`, `unit_flags`, `unit_flags2`, `unit_flags3`, `dynamicflags`, `family`, `trainer_class`, `type`, `type_flags`, `type_flags2`, `lootid`, `pickpocketloot`, `skinloot`, `resistance1`, `resistance2`, `resistance3`, `resistance4`, `resistance5`, `resistance6`, `spell1`, `spell2`, `spell3`, `spell4`, `spell5`, `spell6`, `spell7`, `spell8`, `VehicleId`, `mingold`, `maxgold`, `AIName`, `MovementType`, `InhabitType`, `HoverHeight`, `HealthModifier`, `HealthModifierExtra`, `ManaModifier`, `ManaModifierExtra`, `ArmorModifier`, `DamageModifier`, `ExperienceModifier`, `RacialLeader`, `movementId`, `WidgetSetID`, `WidgetSetUnitConditionID`, `RegenHealth`, `mechanic_immune_mask`, `flags_extra`, `ScriptName`, `VerifiedBuild`) VALUES (1070729, 0, 0, 0, 0, 0, 'Pepper Polymorph', '', 'Polymorpherin', 'Transmogrify', 61000, 100, 100, 0, 0, 0, 35, 1, 1, 1.14286, 1, 0, 0, 0, 0, 1, 1, 1, 0, 0, 0, 8, 0, 0, 0, 0, 1, 0, 0, 0, 0, 0, 0, 0, 0, 0, 0, 0, 0, 0, 0, 0, 0, 0, 0, 0, 0, '', 0, 3, 1, 1, 1, 1, 1, 1, 1, 1, 0, 0, 0, 0, 1, 0, 0, 'npc_morph', 21742);
REPLACE INTO `creature_template_model` VALUES (1070729, 0, 28160, 1, 0, 0);

REPLACE INTO `trinity_string` VALUES (60100, 'You already played the character more then 30 minutes. You cant morph anymore.', NULL, NULL, 'Du hast den Charakter bereits über 30 Minuten gespielt. Du kannst dich nicht mehr morphen.', NULL, NULL, NULL, NULL, NULL);

REPLACE INTO `npc_text` (`ID`, `Probability0`, `Probability1`, `Probability2`, `Probability3`, `Probability4`, `Probability5`, `Probability6`, `Probability7`, `BroadcastTextID0`, `BroadcastTextID1`, `BroadcastTextID2`, `BroadcastTextID3`, `BroadcastTextID4`, `BroadcastTextID5`, `BroadcastTextID6`, `BroadcastTextID7`, `VerifiedBuild`) VALUES (60024, 0, 0, 0, 0, 0, 0, 0, 0, 210024, 0, 0, 0, 0, 0, 0, 0, 0);
REPLACE INTO `npc_text` (`ID`, `Probability0`, `Probability1`, `Probability2`, `Probability3`, `Probability4`, `Probability5`, `Probability6`, `Probability7`, `BroadcastTextID0`, `BroadcastTextID1`, `BroadcastTextID2`, `BroadcastTextID3`, `BroadcastTextID4`, `BroadcastTextID5`, `BroadcastTextID6`, `BroadcastTextID7`, `VerifiedBuild`) VALUES (60023, 0, 0, 0, 0, 0, 0, 0, 0, 210023, 0, 0, 0, 0, 0, 0, 0, 0);
REPLACE INTO `npc_text` (`ID`, `Probability0`, `Probability1`, `Probability2`, `Probability3`, `Probability4`, `Probability5`, `Probability6`, `Probability7`, `BroadcastTextID0`, `BroadcastTextID1`, `BroadcastTextID2`, `BroadcastTextID3`, `BroadcastTextID4`, `BroadcastTextID5`, `BroadcastTextID6`, `BroadcastTextID7`, `VerifiedBuild`) VALUES (60022, 0, 0, 0, 0, 0, 0, 0, 0, 210022, 0, 0, 0, 0, 0, 0, 0, 0);
REPLACE INTO `npc_text` (`ID`, `Probability0`, `Probability1`, `Probability2`, `Probability3`, `Probability4`, `Probability5`, `Probability6`, `Probability7`, `BroadcastTextID0`, `BroadcastTextID1`, `BroadcastTextID2`, `BroadcastTextID3`, `BroadcastTextID4`, `BroadcastTextID5`, `BroadcastTextID6`, `BroadcastTextID7`, `VerifiedBuild`) VALUES (60021, 0, 0, 0, 0, 0, 0, 0, 0, 210021, 0, 0, 0, 0, 0, 0, 0, 0);
REPLACE INTO `npc_text` (`ID`, `Probability0`, `Probability1`, `Probability2`, `Probability3`, `Probability4`, `Probability5`, `Probability6`, `Probability7`, `BroadcastTextID0`, `BroadcastTextID1`, `BroadcastTextID2`, `BroadcastTextID3`, `BroadcastTextID4`, `BroadcastTextID5`, `BroadcastTextID6`, `BroadcastTextID7`, `VerifiedBuild`) VALUES (60020, 0, 0, 0, 0, 0, 0, 0, 0, 210020, 0, 0, 0, 0, 0, 0, 0, 0);
REPLACE INTO `npc_text` (`ID`, `Probability0`, `Probability1`, `Probability2`, `Probability3`, `Probability4`, `Probability5`, `Probability6`, `Probability7`, `BroadcastTextID0`, `BroadcastTextID1`, `BroadcastTextID2`, `BroadcastTextID3`, `BroadcastTextID4`, `BroadcastTextID5`, `BroadcastTextID6`, `BroadcastTextID7`, `VerifiedBuild`) VALUES (60019, 0, 0, 0, 0, 0, 0, 0, 0, 210019, 0, 0, 0, 0, 0, 0, 0, 0);
REPLACE INTO `npc_text` (`ID`, `Probability0`, `Probability1`, `Probability2`, `Probability3`, `Probability4`, `Probability5`, `Probability6`, `Probability7`, `BroadcastTextID0`, `BroadcastTextID1`, `BroadcastTextID2`, `BroadcastTextID3`, `BroadcastTextID4`, `BroadcastTextID5`, `BroadcastTextID6`, `BroadcastTextID7`, `VerifiedBuild`) VALUES (60018, 0, 0, 0, 0, 0, 0, 0, 0, 210018, 0, 0, 0, 0, 0, 0, 0, 0);
REPLACE INTO `npc_text` (`ID`, `Probability0`, `Probability1`, `Probability2`, `Probability3`, `Probability4`, `Probability5`, `Probability6`, `Probability7`, `BroadcastTextID0`, `BroadcastTextID1`, `BroadcastTextID2`, `BroadcastTextID3`, `BroadcastTextID4`, `BroadcastTextID5`, `BroadcastTextID6`, `BroadcastTextID7`, `VerifiedBuild`) VALUES (60017, 0, 0, 0, 0, 0, 0, 0, 0, 210017, 0, 0, 0, 0, 0, 0, 0, 0);
REPLACE INTO `npc_text` (`ID`, `Probability0`, `Probability1`, `Probability2`, `Probability3`, `Probability4`, `Probability5`, `Probability6`, `Probability7`, `BroadcastTextID0`, `BroadcastTextID1`, `BroadcastTextID2`, `BroadcastTextID3`, `BroadcastTextID4`, `BroadcastTextID5`, `BroadcastTextID6`, `BroadcastTextID7`, `VerifiedBuild`) VALUES (60016, 0, 0, 0, 0, 0, 0, 0, 0, 210016, 0, 0, 0, 0, 0, 0, 0, 0);
REPLACE INTO `npc_text` (`ID`, `Probability0`, `Probability1`, `Probability2`, `Probability3`, `Probability4`, `Probability5`, `Probability6`, `Probability7`, `BroadcastTextID0`, `BroadcastTextID1`, `BroadcastTextID2`, `BroadcastTextID3`, `BroadcastTextID4`, `BroadcastTextID5`, `BroadcastTextID6`, `BroadcastTextID7`, `VerifiedBuild`) VALUES (60015, 0, 0, 0, 0, 0, 0, 0, 0, 210015, 0, 0, 0, 0, 0, 0, 0, 0);
REPLACE INTO `npc_text` (`ID`, `Probability0`, `Probability1`, `Probability2`, `Probability3`, `Probability4`, `Probability5`, `Probability6`, `Probability7`, `BroadcastTextID0`, `BroadcastTextID1`, `BroadcastTextID2`, `BroadcastTextID3`, `BroadcastTextID4`, `BroadcastTextID5`, `BroadcastTextID6`, `BroadcastTextID7`, `VerifiedBuild`) VALUES (60014, 0, 0, 0, 0, 0, 0, 0, 0, 210014, 0, 0, 0, 0, 0, 0, 0, 0);
REPLACE INTO `npc_text` (`ID`, `Probability0`, `Probability1`, `Probability2`, `Probability3`, `Probability4`, `Probability5`, `Probability6`, `Probability7`, `BroadcastTextID0`, `BroadcastTextID1`, `BroadcastTextID2`, `BroadcastTextID3`, `BroadcastTextID4`, `BroadcastTextID5`, `BroadcastTextID6`, `BroadcastTextID7`, `VerifiedBuild`) VALUES (60013, 0, 0, 0, 0, 0, 0, 0, 0, 210013, 0, 0, 0, 0, 0, 0, 0, 0);
REPLACE INTO `npc_text` (`ID`, `Probability0`, `Probability1`, `Probability2`, `Probability3`, `Probability4`, `Probability5`, `Probability6`, `Probability7`, `BroadcastTextID0`, `BroadcastTextID1`, `BroadcastTextID2`, `BroadcastTextID3`, `BroadcastTextID4`, `BroadcastTextID5`, `BroadcastTextID6`, `BroadcastTextID7`, `VerifiedBuild`) VALUES (60012, 0, 0, 0, 0, 0, 0, 0, 0, 210012, 0, 0, 0, 0, 0, 0, 0, 0);
REPLACE INTO `npc_text` (`ID`, `Probability0`, `Probability1`, `Probability2`, `Probability3`, `Probability4`, `Probability5`, `Probability6`, `Probability7`, `BroadcastTextID0`, `BroadcastTextID1`, `BroadcastTextID2`, `BroadcastTextID3`, `BroadcastTextID4`, `BroadcastTextID5`, `BroadcastTextID6`, `BroadcastTextID7`, `VerifiedBuild`) VALUES (60011, 0, 0, 0, 0, 0, 0, 0, 0, 210011, 0, 0, 0, 0, 0, 0, 0, 0);
REPLACE INTO `npc_text` (`ID`, `Probability0`, `Probability1`, `Probability2`, `Probability3`, `Probability4`, `Probability5`, `Probability6`, `Probability7`, `BroadcastTextID0`, `BroadcastTextID1`, `BroadcastTextID2`, `BroadcastTextID3`, `BroadcastTextID4`, `BroadcastTextID5`, `BroadcastTextID6`, `BroadcastTextID7`, `VerifiedBuild`) VALUES (60010, 0, 0, 0, 0, 0, 0, 0, 0, 210010, 0, 0, 0, 0, 0, 0, 0, 0);
REPLACE INTO `npc_text` (`ID`, `Probability0`, `Probability1`, `Probability2`, `Probability3`, `Probability4`, `Probability5`, `Probability6`, `Probability7`, `BroadcastTextID0`, `BroadcastTextID1`, `BroadcastTextID2`, `BroadcastTextID3`, `BroadcastTextID4`, `BroadcastTextID5`, `BroadcastTextID6`, `BroadcastTextID7`, `VerifiedBuild`) VALUES (60009, 0, 0, 0, 0, 0, 0, 0, 0, 210009, 0, 0, 0, 0, 0, 0, 0, 0);
REPLACE INTO `npc_text` (`ID`, `Probability0`, `Probability1`, `Probability2`, `Probability3`, `Probability4`, `Probability5`, `Probability6`, `Probability7`, `BroadcastTextID0`, `BroadcastTextID1`, `BroadcastTextID2`, `BroadcastTextID3`, `BroadcastTextID4`, `BroadcastTextID5`, `BroadcastTextID6`, `BroadcastTextID7`, `VerifiedBuild`) VALUES (60008, 0, 0, 0, 0, 0, 0, 0, 0, 210008, 0, 0, 0, 0, 0, 0, 0, 0);
REPLACE INTO `npc_text` (`ID`, `Probability0`, `Probability1`, `Probability2`, `Probability3`, `Probability4`, `Probability5`, `Probability6`, `Probability7`, `BroadcastTextID0`, `BroadcastTextID1`, `BroadcastTextID2`, `BroadcastTextID3`, `BroadcastTextID4`, `BroadcastTextID5`, `BroadcastTextID6`, `BroadcastTextID7`, `VerifiedBuild`) VALUES (60007, 0, 0, 0, 0, 0, 0, 0, 0, 210007, 0, 0, 0, 0, 0, 0, 0, 0);
REPLACE INTO `npc_text` (`ID`, `Probability0`, `Probability1`, `Probability2`, `Probability3`, `Probability4`, `Probability5`, `Probability6`, `Probability7`, `BroadcastTextID0`, `BroadcastTextID1`, `BroadcastTextID2`, `BroadcastTextID3`, `BroadcastTextID4`, `BroadcastTextID5`, `BroadcastTextID6`, `BroadcastTextID7`, `VerifiedBuild`) VALUES (60006, 0, 0, 0, 0, 0, 0, 0, 0, 210006, 0, 0, 0, 0, 0, 0, 0, 0);
REPLACE INTO `npc_text` (`ID`, `Probability0`, `Probability1`, `Probability2`, `Probability3`, `Probability4`, `Probability5`, `Probability6`, `Probability7`, `BroadcastTextID0`, `BroadcastTextID1`, `BroadcastTextID2`, `BroadcastTextID3`, `BroadcastTextID4`, `BroadcastTextID5`, `BroadcastTextID6`, `BroadcastTextID7`, `VerifiedBuild`) VALUES (60005, 0, 0, 0, 0, 0, 0, 0, 0, 210005, 0, 0, 0, 0, 0, 0, 0, 0);
REPLACE INTO `npc_text` (`ID`, `Probability0`, `Probability1`, `Probability2`, `Probability3`, `Probability4`, `Probability5`, `Probability6`, `Probability7`, `BroadcastTextID0`, `BroadcastTextID1`, `BroadcastTextID2`, `BroadcastTextID3`, `BroadcastTextID4`, `BroadcastTextID5`, `BroadcastTextID6`, `BroadcastTextID7`, `VerifiedBuild`) VALUES (60004, 0, 0, 0, 0, 0, 0, 0, 0, 210004, 0, 0, 0, 0, 0, 0, 0, 0);
REPLACE INTO `npc_text` (`ID`, `Probability0`, `Probability1`, `Probability2`, `Probability3`, `Probability4`, `Probability5`, `Probability6`, `Probability7`, `BroadcastTextID0`, `BroadcastTextID1`, `BroadcastTextID2`, `BroadcastTextID3`, `BroadcastTextID4`, `BroadcastTextID5`, `BroadcastTextID6`, `BroadcastTextID7`, `VerifiedBuild`) VALUES (60003, 0, 0, 0, 0, 0, 0, 0, 0, 210003, 0, 0, 0, 0, 0, 0, 0, 0);
REPLACE INTO `npc_text` (`ID`, `Probability0`, `Probability1`, `Probability2`, `Probability3`, `Probability4`, `Probability5`, `Probability6`, `Probability7`, `BroadcastTextID0`, `BroadcastTextID1`, `BroadcastTextID2`, `BroadcastTextID3`, `BroadcastTextID4`, `BroadcastTextID5`, `BroadcastTextID6`, `BroadcastTextID7`, `VerifiedBuild`) VALUES (60001, 0, 0, 0, 0, 0, 0, 0, 0, 210001, 0, 0, 0, 0, 0, 0, 0, 0);
REPLACE INTO `npc_text` (`ID`, `Probability0`, `Probability1`, `Probability2`, `Probability3`, `Probability4`, `Probability5`, `Probability6`, `Probability7`, `BroadcastTextID0`, `BroadcastTextID1`, `BroadcastTextID2`, `BroadcastTextID3`, `BroadcastTextID4`, `BroadcastTextID5`, `BroadcastTextID6`, `BroadcastTextID7`, `VerifiedBuild`) VALUES (60000, 0, 0, 0, 0, 0, 0, 0, 0, 210000, 0, 0, 0, 0, 0, 0, 0, 0);

REPLACE INTO `gossip_menu` (`MenuId`, `TextId`) VALUES (61001, 60001);
REPLACE INTO `gossip_menu` (`MenuId`, `TextId`) VALUES (61000, 60000);

REPLACE INTO `gossip_menu_option` (`MenuId`, `OptionIndex`, `OptionIcon`, `OptionText`, `OptionBroadcastTextId`, `OptionType`, `OptionNpcFlag`, `VerifiedBuild`) VALUES (61002, 0, 0, 'I guess I don\'t want it anymore!', 0, 0, 1, 0);
REPLACE INTO `gossip_menu_option` (`MenuId`, `OptionIndex`, `OptionIcon`, `OptionText`, `OptionBroadcastTextId`, `OptionType`, `OptionNpcFlag`, `VerifiedBuild`) VALUES (61001, 0, 0, 'I understand...', 0, 0, 0, 0);
REPLACE INTO `gossip_menu_option` (`MenuId`, `OptionIndex`, `OptionIcon`, `OptionText`, `OptionBroadcastTextId`, `OptionType`, `OptionNpcFlag`, `VerifiedBuild`) VALUES (61000, 0, 0, 'Are there any risks?', 0, 0, 0, 0);

REPLACE INTO `gossip_menu_option_action` (`MenuId`, `OptionIndex`, `ActionMenuId`, `ActionPoiId`) VALUES (61002, 0, 1200, 0);
REPLACE INTO `gossip_menu_option_action` (`MenuId`, `OptionIndex`, `ActionMenuId`, `ActionPoiId`) VALUES (61001, 0, 1200, 0);
REPLACE INTO `gossip_menu_option_action` (`MenuId`, `OptionIndex`, `ActionMenuId`, `ActionPoiId`) VALUES (61000, 0, 1000, 0);

REPLACE INTO `gossip_menu_option_locale` VALUES (61000, 0, 'deDE', 'Gibt es irgendwelche Risiken?', NULL);
REPLACE INTO `gossip_menu_option_locale` VALUES (61001, 0, 'deDE', 'Ich verstehe...', NULL);
REPLACE INTO `gossip_menu_option_locale` VALUES (61002, 0, 'deDE', 'Ich glaube ich habe mich anders entschieden!', NULL);

CREATE TABLE IF NOT EXISTS `npc_morph_category` (
  `id` int(10) unsigned NOT NULL AUTO_INCREMENT,
  `icon` tinyint(3) unsigned NOT NULL DEFAULT '0',
  `name` text NOT NULL,
  `text_id` mediumint(8) NOT NULL DEFAULT '0',
  `order` tinyint(3) unsigned NOT NULL DEFAULT '0',
  PRIMARY KEY (`id`)
) ENGINE=InnoDB AUTO_INCREMENT=23 DEFAULT CHARSET=utf8;

REPLACE INTO `npc_morph_category` (`id`, `icon`, `name`, `text_id`, `order`) VALUES
	(1, 3, 'Eulen', 60023, 0),
	(2, 3, 'Raben', 60022, 0),
	(3, 3, 'Truthähne', 60021, 0),
	(4, 3, 'Adler', 60020, 0),
	(5, 3, 'Hirsche', 60019, 0),
	(6, 3, 'Wildschweine', 60018, 0),
	(7, 3, 'Ratten', 60017, 0),
	(8, 3, 'Kaninchen', 60016, 0),
	(9, 3, 'Eichhörnchen', 60015, 0),
	(10, 3, 'Füchse', 60014, 0),
	(11, 3, 'Fledermäuse', 60013, 0),
	(12, 3, 'Otter', 60012, 0),
	(13, 3, 'Waschbären', 60011, 0),
	(14, 3, 'Wölfe', 60010, 0),
	(15, 3, 'Bären', 60009, 0),
	(16, 3, 'Kühe', 60008, 0),
	(17, 3, 'Schweine', 60007, 0),
	(18, 3, 'Hühner', 60006, 0),
	(19, 3, 'Schafe', 60005, 0),
	(20, 3, 'Ziegen', 60004, 0),
	(21, 3, 'Hunde', 60003, 0),
	(22, 3, 'Katzen', 60024, 0);

CREATE TABLE IF NOT EXISTS `npc_morph` (
  `id` int(10) unsigned NOT NULL AUTO_INCREMENT,
  `category_id` int(11) NOT NULL,
  `name` text NOT NULL,
  `display_id` mediumint(8) NOT NULL,
  `size` float NOT NULL,
  `order` tinyint(4) NOT NULL DEFAULT '0',
  PRIMARY KEY (`id`)
) ENGINE=InnoDB AUTO_INCREMENT=82 DEFAULT CHARSET=utf8;

REPLACE INTO `npc_morph` (`id`, `category_id`, `name`, `display_id`, `size`, `order`) VALUES
	(1, 1, 'Schwarze Eule', 18933, 0.8, 0),
	(2, 1, 'Braune Eule', 18375, 0.36, 0),
	(3, 1, 'DunkelbrauneEule', 21133, 0.23, 0),
	(4, 1, 'Graue Eule', 10832, 0.55, 0),
	(5, 1, 'Violette Eule', 37567, 0.25, 0),
	(6, 1, 'Rote Eule', 20730, 0.8, 0),
	(7, 1, 'Weiße Eule', 10833, 0.3, 0),
	(8, 2, 'Schwarzer Rabe', 42872, 0.99, 0),
	(9, 3, 'Schwarzer Truthan', 21774, 0.99, 0),
	(10, 4, 'Brauner Adler', 25008, 0.4, 0),
	(11, 4, 'Dunkelbrauner Adler', 22255, 0.6, 0),
	(12, 4, 'Goldener Adler', 34007, 0.6, 0),
	(13, 4, 'Weißer Adler', 33004, 0.4, 0),
	(14, 5, 'Dunkelbrauner Hirsch', 45746, 0.65, 0),
	(15, 5, 'Grauer Hirsch', 45209, 0.57, 0),
	(16, 5, 'Brauner Hirsch', 45749, 1.14, 0),
	(17, 5, 'Graubrauner Hirsch', 45770, 0.35, 0),
	(18, 5, 'Weißer Hirsch', 46052, 0.67, 0),
	(20, 5, 'Hirschkuh', 347, 0.67, 0),
	(21, 6, 'Schwarzes Wildschwein', 744, 0.73, 0),
	(22, 6, 'Braunes Wildschwein', 503, 1.25, 0),
	(23, 6, 'Graues Wildschwein', 31437, 5, 0),
	(24, 6, 'Rotes Wildschwein', 30964, 1.35, 0),
	(25, 6, 'Gelbes Wildschwein', 8869, 1.3, 0),
	(26, 7, 'Schwarze Ratte', 1141, 0.99, 0),
	(27, 7, 'Weiße Ratte', 4960, 0.99, 0),
	(28, 7, 'Braune Ratte', 1418, 0.99, 0),
	(29, 8, 'Weißes Kaninchen', 36342, 0.9, 0),
	(30, 8, 'Braunes Kaninchen', 4626, 0.99, 0),
	(31, 8, 'Geschecktes Kaninchen', 6302, 0.99, 0),
	(32, 9, 'Rotes Eichhörnchen', 134, 0.99, 0),
	(33, 9, 'Braunes Eichhörnchen', 38693, 0.9, 0),
	(34, 10, 'Schwarzer Fuchs', 30255, 0.5, 0),
	(35, 10, 'Brauner Fuchs', 30302, 0.99, 0),
	(36, 10, 'Grauer Fuchs', 30239, 0.5, 0),
	(37, 10, 'Roter Fuchs', 30301, 0.99, 0),
	(39, 11, 'Schwarze Fledermaus', 52731, 0.99, 0),
	(40, 11, 'Graubraune Fledermaus', 52732, 0.25, 0),
	(41, 11, 'Rote Fledermaus', 55376, 0.13, 0),
	(42, 11, 'Braune Fledermaus', 57297, 0.1, 0),
	(43, 11, 'Weiße Fledermaus', 52595, 0.1, 0),
	(44, 12, 'Brauner Otter', 42856, 0.99, 0),
	(45, 13, 'Schwarzer Waschbär', 40089, 0.99, 0),
	(46, 13, 'Brauner Waschbär', 40093, 0.99, 0),
	(48, 14, 'Schwarzer Wolf', 52602, 0.7, 0),
	(49, 14, 'Brauner Wolf', 56900, 0.27, 0),
	(51, 14, 'Grauer Wolf', 52601, 0.7, 0),
	(53, 14, 'Silberner Wolf', 52598, 0.7, 0),
	(54, 15, 'Schwarzer Bär', 707, 0.7, 0),
	(55, 15, 'Dunkelbrauner Bär', 1990, 0.55, 0),
	(56, 15, 'Grauer Bär', 8840, 0.82, 0),
	(57, 15, 'Hellbrauner Bär', 1006, 0.8, 0),
	(59, 16, 'Kuh', 48885, 8.5, 0),
	(60, 17, 'Schwein', 40906, 0.5, 0),
	(61, 18, 'Mysteriöses Huhn', 51063, 0.99, 0),
	(62, 19, 'Weißes Schaf', 16205, 1.2, 0),
	(63, 19, 'Schwarzes Schaf', 857, 0.99, 0),
	(64, 20, 'Braune Ziege', 40020, 0.56, 0),
	(65, 20, 'Schwarze Ziege', 40021, 0.56, 0),
	(66, 20, 'Graue Ziege', 40022, 0.37, 0),
	(67, 20, 'Beige Ziege', 40024, 0.56, 0),
	(68, 21, 'Schwarzer Mastiff', 35355, 0.5, 0),
	(69, 21, 'Grauer Mastiff', 30213, 0.8, 0),
	(70, 21, 'Brauner Mastiff', 30212, 0.8, 0),
	(71, 21, 'Mops', 44820, 0.8, 0),
	(72, 21, 'Bernersenne', 51988, 0.99, 0),
	(73, 21, 'Welpe', 54855, 0.8, 0),
	(74, 22, 'Schwarze Katze', 5556, 0.99, 0),
	(75, 22, 'Orangeweiße Katze', 5586, 0.99, 0),
	(76, 22, 'Getigerte Katze', 5554, 0.99, 0),
	(77, 22, 'Graue Katze', 5555, 0.99, 0),
	(79, 22, 'Weiße Katze', 9990, 0.99, 0),
	(80, 22, 'Gescheckte Katze', 11709, 0.99, 0),
	(81, 22, 'Siam Katze', 5585, 0.99, 0);
