DELETE FROM `playercreateinfo_cast_spell`;
DELETE FROM `race_unlock_requirement`;
REPLACE INTO `race_unlock_requirement` (`raceID`, `expansion`, `achievementId`) VALUES (1, 0, 0);
REPLACE INTO `race_unlock_requirement` (`raceID`, `expansion`, `achievementId`) VALUES (2, 0, 0);
REPLACE INTO `race_unlock_requirement` (`raceID`, `expansion`, `achievementId`) VALUES (3, 0, 0);
REPLACE INTO `race_unlock_requirement` (`raceID`, `expansion`, `achievementId`) VALUES (4, 0, 0);
REPLACE INTO `race_unlock_requirement` (`raceID`, `expansion`, `achievementId`) VALUES (5, 0, 0);
REPLACE INTO `race_unlock_requirement` (`raceID`, `expansion`, `achievementId`) VALUES (6, 0, 0);
REPLACE INTO `race_unlock_requirement` (`raceID`, `expansion`, `achievementId`) VALUES (7, 0, 0);
REPLACE INTO `race_unlock_requirement` (`raceID`, `expansion`, `achievementId`) VALUES (8, 0, 0);
REPLACE INTO `race_unlock_requirement` (`raceID`, `expansion`, `achievementId`) VALUES (9, 0, 0);
REPLACE INTO `race_unlock_requirement` (`raceID`, `expansion`, `achievementId`) VALUES (10, 0, 0);
REPLACE INTO `race_unlock_requirement` (`raceID`, `expansion`, `achievementId`) VALUES (11, 0, 0);
REPLACE INTO `race_unlock_requirement` (`raceID`, `expansion`, `achievementId`) VALUES (22, 0, 0);
REPLACE INTO `race_unlock_requirement` (`raceID`, `expansion`, `achievementId`) VALUES (25, 0, 0);
REPLACE INTO `race_unlock_requirement` (`raceID`, `expansion`, `achievementId`) VALUES (27, 0, 0);
REPLACE INTO `race_unlock_requirement` (`raceID`, `expansion`, `achievementId`) VALUES (29, 0, 0);
REPLACE INTO `race_unlock_requirement` (`raceID`, `expansion`, `achievementId`) VALUES (32, 0, 0);
REPLACE INTO `race_unlock_requirement` (`raceID`, `expansion`, `achievementId`) VALUES (34, 0, 0);
REPLACE INTO `race_unlock_requirement` (`raceID`, `expansion`, `achievementId`) VALUES (35, 0, 0);
REPLACE INTO `race_unlock_requirement` (`raceID`, `expansion`, `achievementId`) VALUES (36, 0, 0);

DELETE FROM `playercreateinfo` WHERE `race` IN (24, 26);
REPLACE INTO `playercreateinfo` (`race`, `class`, `map`, `zone`, `position_x`, `position_y`, `position_z`, `orientation`) VALUES (27, 3, 5000, 0, -104, -400, 9, 6.2);
REPLACE INTO `playercreateinfo` (`race`, `class`, `map`, `zone`, `position_x`, `position_y`, `position_z`, `orientation`) VALUES (29, 3, 5000, 0, -104, -400, 9, 6.2);
REPLACE INTO `playercreateinfo` (`race`, `class`, `map`, `zone`, `position_x`, `position_y`, `position_z`, `orientation`) VALUES (32, 3, 5000, 0, -104, -400, 9, 6.2);
REPLACE INTO `playercreateinfo` (`race`, `class`, `map`, `zone`, `position_x`, `position_y`, `position_z`, `orientation`) VALUES (34, 3, 5000, 0, -104, -400, 9, 6.2);
REPLACE INTO `playercreateinfo` (`race`, `class`, `map`, `zone`, `position_x`, `position_y`, `position_z`, `orientation`) VALUES (35, 3, 5000, 0, -104, -400, 9, 6.2);
REPLACE INTO `playercreateinfo` (`race`, `class`, `map`, `zone`, `position_x`, `position_y`, `position_z`, `orientation`) VALUES (36, 3, 5000, 0, -104, -400, 9, 6.2);

REPLACE INTO `playercreateinfo_action` (`race`, `class`, `button`, `action`, `type`) VALUES (27, 3, 10, 9, 48);
REPLACE INTO `playercreateinfo_action` (`race`, `class`, `button`, `action`, `type`) VALUES (27, 3, 11, 982, 0);
REPLACE INTO `playercreateinfo_action` (`race`, `class`, `button`, `action`, `type`) VALUES (29, 3, 10, 9, 48);
REPLACE INTO `playercreateinfo_action` (`race`, `class`, `button`, `action`, `type`) VALUES (29, 3, 11, 982, 0);
REPLACE INTO `playercreateinfo_action` (`race`, `class`, `button`, `action`, `type`) VALUES (32, 3, 10, 9, 48);
REPLACE INTO `playercreateinfo_action` (`race`, `class`, `button`, `action`, `type`) VALUES (32, 3, 11, 982, 0);
REPLACE INTO `playercreateinfo_action` (`race`, `class`, `button`, `action`, `type`) VALUES (34, 3, 10, 9, 48);
REPLACE INTO `playercreateinfo_action` (`race`, `class`, `button`, `action`, `type`) VALUES (34, 3, 11, 982, 0);
REPLACE INTO `playercreateinfo_action` (`race`, `class`, `button`, `action`, `type`) VALUES (35, 3, 10, 9, 48);
REPLACE INTO `playercreateinfo_action` (`race`, `class`, `button`, `action`, `type`) VALUES (35, 3, 11, 982, 0);
REPLACE INTO `playercreateinfo_action` (`race`, `class`, `button`, `action`, `type`) VALUES (36, 3, 10, 9, 48);
REPLACE INTO `playercreateinfo_action` (`race`, `class`, `button`, `action`, `type`) VALUES (36, 3, 11, 982, 0);