REPLACE INTO `gameobject_template` (`entry`, `type`, `displayId`, `name`, `IconName`, `castBarCaption`, `unk1`, `size`, `Data0`, `Data1`, `Data2`, `Data3`, `Data4`, `Data5`, `Data6`, `Data7`, `Data8`, `Data9`, `Data10`, `Data11`, `Data12`, `Data13`, `Data14`, `Data15`, `Data16`, `Data17`, `Data18`, `Data19`, `Data20`, `Data21`, `Data22`, `Data23`, `Data24`, `Data25`, `Data26`, `Data27`, `Data28`, `Data29`, `Data30`, `Data31`, `Data32`, `Data33`, `AIName`, `ScriptName`, `VerifiedBuild`, `updated`) VALUES (1002010, 0, 51206, 'Tür mit Schloss (8hu_kultiras_portcullis01)', '', '', '', 1, 0, 0, 5000, 0, 0, 0, 0, 0, 0, 0, 0, 0, 0, 0, 0, 0, 0, 0, 0, 0, 0, 0, 0, 0, 0, 0, 0, 0, 0, 0, 0, 0, 0, 0, '', 'go_housing_door', -1, '2021-02-12 15:15:58');
REPLACE INTO `gameobject_template` (`entry`, `type`, `displayId`, `name`, `IconName`, `castBarCaption`, `unk1`, `size`, `Data0`, `Data1`, `Data2`, `Data3`, `Data4`, `Data5`, `Data6`, `Data7`, `Data8`, `Data9`, `Data10`, `Data11`, `Data12`, `Data13`, `Data14`, `Data15`, `Data16`, `Data17`, `Data18`, `Data19`, `Data20`, `Data21`, `Data22`, `Data23`, `Data24`, `Data25`, `Data26`, `Data27`, `Data28`, `Data29`, `Data30`, `Data31`, `Data32`, `Data33`, `AIName`, `ScriptName`, `VerifiedBuild`, `updated`) VALUES (1002009, 0, 48173, 'Tür mit Schloss (8du_waycrest_doubledoor01)', '', '', '', 1, 0, 0, 5000, 0, 0, 0, 0, 0, 0, 0, 0, 0, 0, 0, 0, 0, 0, 0, 0, 0, 0, 0, 0, 0, 0, 0, 0, 0, 0, 0, 0, 0, 0, 0, '', 'go_housing_door', -1, '2021-02-12 15:15:56');
REPLACE INTO `gameobject_template` (`entry`, `type`, `displayId`, `name`, `IconName`, `castBarCaption`, `unk1`, `size`, `Data0`, `Data1`, `Data2`, `Data3`, `Data4`, `Data5`, `Data6`, `Data7`, `Data8`, `Data9`, `Data10`, `Data11`, `Data12`, `Data13`, `Data14`, `Data15`, `Data16`, `Data17`, `Data18`, `Data19`, `Data20`, `Data21`, `Data22`, `Data23`, `Data24`, `Data25`, `Data26`, `Data27`, `Data28`, `Data29`, `Data30`, `Data31`, `Data32`, `Data33`, `AIName`, `ScriptName`, `VerifiedBuild`, `updated`) VALUES (1002008, 0, 49421, 'Tür mit Schloss (8du_waycrest_singledoor01)', '', '', '', 1, 0, 0, 5000, 0, 0, 0, 0, 0, 0, 0, 0, 0, 0, 0, 0, 0, 0, 0, 0, 0, 0, 0, 0, 0, 0, 0, 0, 0, 0, 0, 0, 0, 0, 0, '', 'go_housing_door', -1, '2021-02-12 15:15:49');
REPLACE INTO `gameobject_template` (`entry`, `type`, `displayId`, `name`, `IconName`, `castBarCaption`, `unk1`, `size`, `Data0`, `Data1`, `Data2`, `Data3`, `Data4`, `Data5`, `Data6`, `Data7`, `Data8`, `Data9`, `Data10`, `Data11`, `Data12`, `Data13`, `Data14`, `Data15`, `Data16`, `Data17`, `Data18`, `Data19`, `Data20`, `Data21`, `Data22`, `Data23`, `Data24`, `Data25`, `Data26`, `Data27`, `Data28`, `Data29`, `Data30`, `Data31`, `Data32`, `Data33`, `AIName`, `ScriptName`, `VerifiedBuild`, `updated`) VALUES (1002007, 0, 35341, 'Tür mit Schloss (7du_suramarraid_door_med01)', '', '', '', 0.5, 0, 0, 5000, 0, 0, 0, 0, 0, 0, 0, 0, 0, 0, 0, 0, 0, 0, 0, 0, 0, 0, 0, 0, 0, 0, 0, 0, 0, 0, 0, 0, 0, 0, 0, '', 'go_housing_door', -1, '2021-02-12 15:41:49');
REPLACE INTO `gameobject_template` (`entry`, `type`, `displayId`, `name`, `IconName`, `castBarCaption`, `unk1`, `size`, `Data0`, `Data1`, `Data2`, `Data3`, `Data4`, `Data5`, `Data6`, `Data7`, `Data8`, `Data9`, `Data10`, `Data11`, `Data12`, `Data13`, `Data14`, `Data15`, `Data16`, `Data17`, `Data18`, `Data19`, `Data20`, `Data21`, `Data22`, `Data23`, `Data24`, `Data25`, `Data26`, `Data27`, `Data28`, `Data29`, `Data30`, `Data31`, `Data32`, `Data33`, `AIName`, `ScriptName`, `VerifiedBuild`, `updated`) VALUES (1002006, 0, 35255, 'Tür mit Schloss (7du_suramarraid_door_small01)', '', '', '', 1, 0, 0, 5000, 0, 0, 0, 0, 0, 0, 0, 0, 0, 0, 0, 0, 0, 0, 0, 0, 0, 0, 0, 0, 0, 0, 0, 0, 0, 0, 0, 0, 0, 0, 0, '', 'go_housing_door', -1, '2021-02-12 15:15:52');
REPLACE INTO `gameobject_template` (`entry`, `type`, `displayId`, `name`, `IconName`, `castBarCaption`, `unk1`, `size`, `Data0`, `Data1`, `Data2`, `Data3`, `Data4`, `Data5`, `Data6`, `Data7`, `Data8`, `Data9`, `Data10`, `Data11`, `Data12`, `Data13`, `Data14`, `Data15`, `Data16`, `Data17`, `Data18`, `Data19`, `Data20`, `Data21`, `Data22`, `Data23`, `Data24`, `Data25`, `Data26`, `Data27`, `Data28`, `Data29`, `Data30`, `Data31`, `Data32`, `Data33`, `AIName`, `ScriptName`, `VerifiedBuild`, `updated`) VALUES (1002005, 0, 33296, 'Tür mit Schloss (7af_rogue_dalaransecretdoor01)', '', '', '', 1, 0, 0, 5000, 0, 0, 0, 0, 0, 0, 0, 0, 0, 0, 0, 0, 0, 0, 0, 0, 0, 0, 0, 0, 0, 0, 0, 0, 0, 0, 0, 0, 0, 0, 0, '', 'go_housing_door', -1, '2021-02-12 15:15:23');
REPLACE INTO `gameobject_template` (`entry`, `type`, `displayId`, `name`, `IconName`, `castBarCaption`, `unk1`, `size`, `Data0`, `Data1`, `Data2`, `Data3`, `Data4`, `Data5`, `Data6`, `Data7`, `Data8`, `Data9`, `Data10`, `Data11`, `Data12`, `Data13`, `Data14`, `Data15`, `Data16`, `Data17`, `Data18`, `Data19`, `Data20`, `Data21`, `Data22`, `Data23`, `Data24`, `Data25`, `Data26`, `Data27`, `Data28`, `Data29`, `Data30`, `Data31`, `Data32`, `Data33`, `AIName`, `ScriptName`, `VerifiedBuild`, `updated`) VALUES (1002004, 0, 411, 'Tür mit Schloss (portcullisactive)', '', '', '', 0.75, 0, 0, 5000, 0, 0, 0, 0, 0, 0, 0, 0, 0, 0, 0, 0, 0, 0, 0, 0, 0, 0, 0, 0, 0, 0, 0, 0, 0, 0, 0, 0, 0, 0, 0, '', 'go_housing_door', -1, '2021-02-12 15:42:30');
REPLACE INTO `gameobject_template` (`entry`, `type`, `displayId`, `name`, `IconName`, `castBarCaption`, `unk1`, `size`, `Data0`, `Data1`, `Data2`, `Data3`, `Data4`, `Data5`, `Data6`, `Data7`, `Data8`, `Data9`, `Data10`, `Data11`, `Data12`, `Data13`, `Data14`, `Data15`, `Data16`, `Data17`, `Data18`, `Data19`, `Data20`, `Data21`, `Data22`, `Data23`, `Data24`, `Data25`, `Data26`, `Data27`, `Data28`, `Data29`, `Data30`, `Data31`, `Data32`, `Data33`, `AIName`, `ScriptName`, `VerifiedBuild`, `updated`) VALUES (1002002, 0, 15876, 'Tür mit Schloss (6hu_garrison_gate_rank1)', '', '', '', 1, 0, 0, 5000, 0, 0, 0, 0, 0, 0, 0, 0, 0, 0, 0, 0, 0, 0, 0, 0, 0, 0, 0, 0, 0, 0, 0, 0, 0, 0, 0, 0, 0, 0, 0, '', 'go_housing_door', -1, '2021-02-12 15:15:30');
REPLACE INTO `gameobject_template` (`entry`, `type`, `displayId`, `name`, `IconName`, `castBarCaption`, `unk1`, `size`, `Data0`, `Data1`, `Data2`, `Data3`, `Data4`, `Data5`, `Data6`, `Data7`, `Data8`, `Data9`, `Data10`, `Data11`, `Data12`, `Data13`, `Data14`, `Data15`, `Data16`, `Data17`, `Data18`, `Data19`, `Data20`, `Data21`, `Data22`, `Data23`, `Data24`, `Data25`, `Data26`, `Data27`, `Data28`, `Data29`, `Data30`, `Data31`, `Data32`, `Data33`, `AIName`, `ScriptName`, `VerifiedBuild`, `updated`) VALUES (1002001, 0, 9023, 'Tür mit Schloss (worgen_door_01)', '', '', '', 1, 0, 0, 5000, 0, 0, 0, 0, 0, 0, 0, 0, 0, 0, 0, 0, 0, 0, 0, 0, 0, 0, 0, 0, 0, 0, 0, 0, 0, 0, 0, 0, 0, 0, 0, '', 'go_housing_door', -1, '2021-02-12 15:15:59');
REPLACE INTO `gameobject_template` (`entry`, `type`, `displayId`, `name`, `IconName`, `castBarCaption`, `unk1`, `size`, `Data0`, `Data1`, `Data2`, `Data3`, `Data4`, `Data5`, `Data6`, `Data7`, `Data8`, `Data9`, `Data10`, `Data11`, `Data12`, `Data13`, `Data14`, `Data15`, `Data16`, `Data17`, `Data18`, `Data19`, `Data20`, `Data21`, `Data22`, `Data23`, `Data24`, `Data25`, `Data26`, `Data27`, `Data28`, `Data29`, `Data30`, `Data31`, `Data32`, `Data33`, `AIName`, `ScriptName`, `VerifiedBuild`, `updated`) VALUES (1002000, 0, 4413, 'Tür mit Schloss (stormwinddoor)', '', '', '', 1, 0, 0, 5000, 0, 0, 0, 0, 0, 0, 0, 0, 0, 0, 0, 0, 0, 0, 0, 0, 0, 0, 0, 0, 0, 0, 0, 0, 0, 0, 0, 0, 0, 0, 0, '', 'go_housing_door', -1, '2021-02-12 15:16:00');

REPLACE INTO `furniture_catalog` (`id`, `fileDataId`, `name`, `categorization_date`, `categorized_by`, `price`, `updated`) VALUES (1002010, 2026792, 'Tür mit Schloss (8hu_kultiras_portcullis01)', 1613146759, 'Schattenhain', 500, 1613146759);
REPLACE INTO `furniture_catalog` (`id`, `fileDataId`, `name`, `categorization_date`, `categorized_by`, `price`, `updated`) VALUES (1002009, 1859432, 'Tür mit Schloss (8du_waycrest_doubledoor01)', 1613146759, 'Schattenhain', 500, 1613146759);
REPLACE INTO `furniture_catalog` (`id`, `fileDataId`, `name`, `categorization_date`, `categorized_by`, `price`, `updated`) VALUES (1002008, 1859462, 'Tür mit Schloss (8du_waycrest_singledoor01)', 1613146759, 'Schattenhain', 500, 1613146759);
REPLACE INTO `furniture_catalog` (`id`, `fileDataId`, `name`, `categorization_date`, `categorized_by`, `price`, `updated`) VALUES (1002007, 1394338, 'Tür mit Schloss (7du_suramarraid_door_med01)', 1613146759, 'Schattenhain', 500, 1613146759);
REPLACE INTO `furniture_catalog` (`id`, `fileDataId`, `name`, `categorization_date`, `categorized_by`, `price`, `updated`) VALUES (1002006, 1386541, 'Tür mit Schloss (7du_suramarraid_door_small01)', 1613146759, 'Schattenhain', 500, 1613146759);
REPLACE INTO `furniture_catalog` (`id`, `fileDataId`, `name`, `categorization_date`, `categorized_by`, `price`, `updated`) VALUES (1002005, 1347270, 'Tür mit Schloss (7af_rogue_dalaransecretdoor01)', 1613146759, 'Schattenhain', 500, 1613146759);
REPLACE INTO `furniture_catalog` (`id`, `fileDataId`, `name`, `categorization_date`, `categorized_by`, `price`, `updated`) VALUES (1002004, 197817, 'Tür mit Schloss (portcullisactive)', 1613146759, 'Schattenhain', 500, 1613146759);
REPLACE INTO `furniture_catalog` (`id`, `fileDataId`, `name`, `categorization_date`, `categorized_by`, `price`, `updated`) VALUES (1002002, 967736, 'Tür mit Schloss (6hu_garrison_gate_rank1)', 1613146759, 'Schattenhain', 500, 1613146759);
REPLACE INTO `furniture_catalog` (`id`, `fileDataId`, `name`, `categorization_date`, `categorized_by`, `price`, `updated`) VALUES (1002001, 310681, 'Tür mit Schloss (worgen_door_01)', 1613146759, 'Schattenhain', 500, 1613146759);
REPLACE INTO `furniture_catalog` (`id`, `fileDataId`, `name`, `categorization_date`, `categorized_by`, `price`, `updated`) VALUES (1002000, 198590, 'Tür mit Schloss (stormwinddoor)', 1613146759, 'Schattenhain', 500, 1613146759);

REPLACE INTO `furniture_catalog_category` (`furniture_id`, `category_id`) VALUES (1002010, 10);
REPLACE INTO `furniture_catalog_category` (`furniture_id`, `category_id`) VALUES (1002009, 10);
REPLACE INTO `furniture_catalog_category` (`furniture_id`, `category_id`) VALUES (1002008, 10);
REPLACE INTO `furniture_catalog_category` (`furniture_id`, `category_id`) VALUES (1002007, 10);
REPLACE INTO `furniture_catalog_category` (`furniture_id`, `category_id`) VALUES (1002006, 10);
REPLACE INTO `furniture_catalog_category` (`furniture_id`, `category_id`) VALUES (1002005, 10);
REPLACE INTO `furniture_catalog_category` (`furniture_id`, `category_id`) VALUES (1002002, 10);
REPLACE INTO `furniture_catalog_category` (`furniture_id`, `category_id`) VALUES (1002001, 10);
REPLACE INTO `furniture_catalog_category` (`furniture_id`, `category_id`) VALUES (1002000, 10);

REPLACE INTO `trinity_string` (`entry`, `content_default`, `content_loc1`, `content_loc2`, `content_loc3`, `content_loc4`, `content_loc5`, `content_loc6`, `content_loc7`, `content_loc8`) VALUES (50030, 'You are not authorised to open this door.', NULL, NULL, 'Ihr seit nicht berechtigt, diese Tür zu öffnen.', NULL, NULL, NULL, NULL, NULL);
REPLACE INTO `trinity_string` (`entry`, `content_default`, `content_loc1`, `content_loc2`, `content_loc3`, `content_loc4`, `content_loc5`, `content_loc6`, `content_loc7`, `content_loc8`) VALUES (50029, 'Door is not in a housing area!', NULL, NULL, 'Tür befindet sich nicht in einer Wohnfläsche!', NULL, NULL, NULL, NULL, NULL);
