REPLACE INTO `creature_template` VALUES (1070754, 0, 0, 0, 0, 0, 'Bürger', 'Bürgerin', '', NULL, '', 0, 100, 100, 0, 0, 0, 35, 0, 1, 1.14286, 1, 2, 0, 0, 0, 1, 1, 1, 0, 0, 0, 8, 0, 0, 7, 0, 1, 0, 0, 0, 0, 0, 0, 0, 0, 0, 0, 0, 0, 0, 0, 0, 0, 0, 0, 0, 0, '', 0, 3, 1, 1, 1, 1, 1, 1, 1, 1, 0, 0, 0, 0, 1, 0, 2, '', 21742);
REPLACE INTO `creature_template` VALUES (1070753, 0, 0, 0, 0, 0, 'Bürger', 'Bürgerin', '', NULL, '', 0, 100, 100, 0, 0, 0, 35, 0, 1, 1.14286, 1, 2, 0, 0, 0, 1, 1, 1, 0, 0, 0, 8, 0, 0, 7, 0, 1, 0, 0, 0, 0, 0, 0, 0, 0, 0, 0, 0, 0, 0, 0, 0, 0, 0, 0, 0, 0, '', 0, 3, 1, 1, 1, 1, 1, 1, 1, 1, 0, 0, 0, 0, 1, 0, 2, '', 21742);
REPLACE INTO `creature_template` VALUES (1070752, 0, 0, 0, 0, 0, 'Bürger', 'Bürgerin', '', NULL, '', 0, 100, 100, 0, 0, 0, 35, 0, 1, 1.14286, 1, 2, 0, 0, 0, 1, 1, 1, 0, 0, 0, 8, 0, 0, 7, 0, 1, 0, 0, 0, 0, 0, 0, 0, 0, 0, 0, 0, 0, 0, 0, 0, 0, 0, 0, 0, 0, '', 0, 3, 1, 1, 1, 1, 1, 1, 1, 1, 0, 0, 0, 0, 1, 0, 2, '', 21742);
REPLACE INTO `creature_template` VALUES (1070751, 0, 0, 0, 0, 0, 'Rita die Rüstige', '', 'Bank', NULL, '', 0, 100, 100, 0, 0, 0, 35, 0, 1, 1.14286, 1, 2, 0, 0, 0, 1, 1, 1, 0, 0, 0, 8, 0, 0, 7, 0, 1, 0, 0, 0, 0, 0, 0, 0, 0, 0, 0, 0, 0, 0, 0, 0, 0, 0, 0, 0, 0, '', 0, 3, 1, 1, 1, 1, 1, 1, 1, 1, 0, 0, 0, 0, 1, 0, 2, '', 21742);
REPLACE INTO `creature_template` VALUES (1070750, 0, 0, 0, 0, 0, 'Pepe', '', 'Auktionator', NULL, '', 0, 100, 100, 0, 0, 0, 35, 0, 1, 1.14286, 1, 2, 0, 0, 0, 1, 1, 1, 0, 0, 0, 8, 0, 0, 7, 0, 1, 0, 0, 0, 0, 0, 0, 0, 0, 0, 0, 0, 0, 0, 0, 0, 0, 0, 0, 0, 0, '', 0, 3, 1, 1, 1, 1, 1, 1, 1, 1, 0, 0, 0, 0, 1, 0, 2, '', 21742);
REPLACE INTO `creature_template` VALUES (1070749, 0, 0, 0, 0, 0, 'Daisy', '', 'Gastwirtin', NULL, '', 0, 100, 100, 0, 0, 0, 35, 0, 1, 1.14286, 1, 2, 0, 0, 0, 1, 1, 1, 0, 0, 0, 8, 0, 0, 7, 0, 1, 0, 0, 0, 0, 0, 0, 0, 0, 0, 0, 0, 0, 0, 0, 0, 0, 0, 0, 0, 0, '', 0, 3, 1, 1, 1, 1, 1, 1, 1, 1, 0, 0, 0, 0, 1, 0, 2, 'npc_innkeeper', 21742);
REPLACE INTO `creature_template` VALUES (1070748, 0, 0, 0, 0, 0, 'Skjaldar Freibauer', '', 'Schilde', NULL, 'Buy', 0, 100, 100, 0, 0, 0, 35, 128, 1, 1.14286, 1, 2, 0, 0, 0, 1, 1, 1, 0, 0, 0, 8, 0, 0, 7, 0, 1, 0, 0, 0, 0, 0, 0, 0, 0, 0, 0, 0, 0, 0, 0, 0, 0, 0, 0, 0, 0, '', 0, 3, 1, 1, 1, 1, 1, 1, 1, 1, 0, 0, 0, 0, 1, 0, 0, '', 21742);
REPLACE INTO `creature_template` VALUES (1070747, 0, 0, 0, 0, 0, 'Tildo Durchschlag', '', 'Fernkampfwaffen', NULL, 'Buy', 0, 100, 100, 0, 0, 0, 35, 128, 1, 1.14286, 1, 2, 0, 0, 0, 1, 1, 1, 0, 0, 0, 8, 0, 0, 7, 0, 1, 0, 0, 0, 0, 0, 0, 0, 0, 0, 0, 0, 0, 0, 0, 0, 0, 0, 0, 0, 0, '', 0, 3, 1, 1, 1, 1, 1, 1, 1, 1, 0, 0, 0, 0, 1, 0, 0, '', 21742);
REPLACE INTO `creature_template` VALUES (1070746, 0, 0, 0, 0, 0, 'Fiffi Wadenbeißer', '', 'Nahkampfwaffen', NULL, 'Buy', 0, 100, 100, 0, 0, 0, 35, 128, 1, 1.14286, 1, 2, 0, 0, 0, 1, 1, 1, 0, 0, 0, 8, 0, 0, 7, 0, 1, 0, 0, 0, 0, 0, 0, 0, 0, 0, 0, 0, 0, 0, 0, 0, 0, 0, 0, 0, 0, '', 0, 3, 1, 1, 1, 1, 1, 1, 1, 1, 0, 0, 0, 0, 1, 0, 0, '', 21742);
REPLACE INTO `creature_template` VALUES (1070745, 0, 0, 0, 0, 0, 'Ole Kirk', '', 'Tränke', NULL, 'Buy', 0, 100, 100, 0, 0, 0, 35, 128, 1, 1.14286, 1, 2, 0, 0, 0, 1, 1, 1, 0, 0, 0, 8, 0, 0, 7, 0, 1, 0, 0, 0, 0, 0, 0, 0, 0, 0, 0, 0, 0, 0, 0, 0, 0, 0, 0, 0, 0, '', 0, 3, 1, 1, 1, 1, 1, 1, 1, 1, 0, 0, 0, 0, 1, 0, 0, '', 21742);
REPLACE INTO `creature_template` VALUES (1070744, 0, 0, 0, 0, 0, 'Haris Pilton', '', 'Accessoires', NULL, 'Buy', 0, 100, 100, 0, 0, 0, 35, 128, 1, 1.14286, 1, 2, 0, 0, 0, 1, 1, 1, 0, 0, 0, 8, 0, 0, 7, 0, 1, 0, 0, 0, 0, 0, 0, 0, 0, 0, 0, 0, 0, 0, 0, 0, 0, 0, 0, 0, 0, '', 0, 3, 1, 1, 1, 1, 1, 1, 1, 1, 0, 0, 0, 0, 1, 0, 0, '', 21742);
REPLACE INTO `creature_template` VALUES (1070743, 0, 0, 0, 0, 0, 'Ji-Ho Freudreich', '', 'Spielzeugmacher', NULL, 'Buy', 0, 100, 100, 0, 0, 0, 35, 128, 1, 1.14286, 1, 2, 0, 0, 0, 1, 1, 1, 0, 0, 0, 8, 0, 0, 7, 0, 1, 0, 0, 0, 0, 0, 0, 0, 0, 0, 0, 0, 0, 0, 0, 0, 0, 0, 0, 0, 0, '', 0, 3, 1, 1, 1, 1, 1, 1, 1, 1, 0, 0, 0, 0, 1, 0, 0, '', 21742);
REPLACE INTO `creature_template` VALUES (1070742, 0, 0, 0, 0, 0, 'Esther Woolrich', '', 'Umhänge', NULL, 'Buy', 0, 100, 100, 0, 0, 0, 35, 128, 1, 1.14286, 1, 2, 0, 0, 0, 1, 1, 1, 0, 0, 0, 8, 0, 0, 7, 0, 1, 0, 0, 0, 0, 0, 0, 0, 0, 0, 0, 0, 0, 0, 0, 0, 0, 0, 0, 0, 0, '', 0, 3, 1, 1, 1, 1, 1, 1, 1, 1, 0, 0, 0, 0, 1, 0, 0, '', 21742);
REPLACE INTO `creature_template` VALUES (1070741, 0, 0, 0, 0, 0, 'Jill Sandhaar', '', 'Röcke & Kilts', NULL, 'Buy', 0, 100, 100, 0, 0, 0, 35, 128, 1, 1.14286, 1, 2, 0, 0, 0, 1, 1, 1, 0, 0, 0, 8, 0, 0, 7, 0, 1, 0, 0, 0, 0, 0, 0, 0, 0, 0, 0, 0, 0, 0, 0, 0, 0, 0, 0, 0, 0, '', 0, 3, 1, 1, 1, 1, 1, 1, 1, 1, 0, 0, 0, 0, 1, 0, 0, '', 21742);
REPLACE INTO `creature_template` VALUES (1070740, 0, 0, 0, 0, 0, 'Dioora', '', 'Hosen', NULL, 'Buy', 0, 100, 100, 0, 0, 0, 35, 128, 1, 1.14286, 1, 2, 0, 0, 0, 1, 1, 1, 0, 0, 0, 8, 0, 0, 7, 0, 1, 0, 0, 0, 0, 0, 0, 0, 0, 0, 0, 0, 0, 0, 0, 0, 0, 0, 0, 0, 0, '', 0, 3, 1, 1, 1, 1, 1, 1, 1, 1, 0, 0, 0, 0, 1, 0, 0, '', 21742);
REPLACE INTO `creature_template` VALUES (1070739, 0, 0, 0, 0, 0, 'Peran Gluttier', '', 'Roben', NULL, 'Buy', 0, 100, 100, 0, 0, 0, 35, 128, 1, 1.14286, 1, 2, 0, 0, 0, 1, 1, 1, 0, 0, 0, 8, 0, 0, 7, 0, 1, 0, 0, 0, 0, 0, 0, 0, 0, 0, 0, 0, 0, 0, 0, 0, 0, 0, 0, 0, 0, '', 0, 3, 1, 1, 1, 1, 1, 1, 1, 1, 0, 0, 0, 0, 1, 0, 0, '', 21742);
REPLACE INTO `creature_template` VALUES (1070738, 0, 0, 0, 0, 0, 'Trixie Hochflieger', '', 'Hemden', NULL, 'Buy', 0, 100, 100, 0, 0, 0, 35, 128, 1, 1.14286, 1, 2, 0, 0, 0, 1, 1, 1, 0, 0, 0, 8, 0, 0, 7, 0, 1, 0, 0, 0, 0, 0, 0, 0, 0, 0, 0, 0, 0, 0, 0, 0, 0, 0, 0, 0, 0, '', 0, 3, 1, 1, 1, 1, 1, 1, 1, 1, 0, 0, 0, 0, 1, 0, 0, '', 21742);
REPLACE INTO `creature_template` VALUES (1070737, 0, 0, 0, 0, 0, 'Yvar Seelenlaut', '', 'Oberteile', NULL, 'Buy', 0, 100, 100, 0, 0, 0, 35, 128, 1, 1.14286, 1, 2, 0, 0, 0, 1, 1, 1, 0, 0, 0, 8, 0, 0, 7, 0, 1, 0, 0, 0, 0, 0, 0, 0, 0, 0, 0, 0, 0, 0, 0, 0, 0, 0, 0, 0, 0, '', 0, 3, 1, 1, 1, 1, 1, 1, 1, 1, 0, 0, 0, 0, 1, 0, 0, '', 21742);
REPLACE INTO `creature_template` VALUES (1070736, 0, 0, 0, 0, 0, 'Zilly Breitschulter', '', 'Schulterstücke', NULL, 'Buy', 0, 100, 100, 0, 0, 0, 35, 128, 1, 1.14286, 1, 2, 0, 0, 0, 1, 1, 1, 0, 0, 0, 8, 0, 0, 7, 0, 1, 0, 0, 0, 0, 0, 0, 0, 0, 0, 0, 0, 0, 0, 0, 0, 0, 0, 0, 0, 0, '', 0, 3, 1, 1, 1, 1, 1, 1, 1, 1, 0, 0, 0, 0, 1, 0, 0, '', 21742);
REPLACE INTO `creature_template` VALUES (1070735, 0, 0, 0, 0, 0, 'Kuhwin Klein', '', 'Gürtel', NULL, 'Buy', 0, 100, 100, 0, 0, 0, 35, 128, 1, 1.14286, 1, 2, 0, 0, 0, 1, 1, 1, 0, 0, 0, 8, 0, 0, 7, 0, 1, 0, 0, 0, 0, 0, 0, 0, 0, 0, 0, 0, 0, 0, 0, 0, 0, 0, 0, 0, 0, '', 0, 3, 1, 1, 1, 1, 1, 1, 1, 1, 0, 0, 0, 0, 1, 0, 0, '', 21742);
REPLACE INTO `creature_template` VALUES (1070734, 0, 0, 0, 0, 0, 'Christiane Gore', '', 'Schuhe', NULL, 'Buy', 0, 100, 100, 0, 0, 0, 35, 128, 1, 1.14286, 1, 2, 0, 0, 0, 1, 1, 1, 0, 0, 0, 8, 0, 0, 7, 0, 1, 0, 0, 0, 0, 0, 0, 0, 0, 0, 0, 0, 0, 0, 0, 0, 0, 0, 0, 0, 0, '', 0, 3, 1, 1, 1, 1, 1, 1, 1, 1, 0, 0, 0, 0, 1, 0, 0, '', 21742);
REPLACE INTO `creature_template` VALUES (1070733, 0, 0, 0, 0, 0, 'Granack Starkarm', '', 'Armschienen', NULL, 'Buy', 0, 100, 100, 0, 0, 0, 35, 128, 1, 1.14286, 1, 2, 0, 0, 0, 1, 1, 1, 0, 0, 0, 8, 0, 0, 7, 0, 1, 0, 0, 0, 0, 0, 0, 0, 0, 0, 0, 0, 0, 0, 0, 0, 0, 0, 0, 0, 0, '', 0, 3, 1, 1, 1, 1, 1, 1, 1, 1, 0, 0, 0, 0, 1, 0, 0, '', 21742);
REPLACE INTO `creature_template` VALUES (1070732, 0, 0, 0, 0, 0, 'Denta Hartrock', '', 'Handschuhe', NULL, 'Buy', 0, 100, 100, 0, 0, 0, 35, 128, 1, 1.14286, 1, 2, 0, 0, 0, 1, 1, 1, 0, 0, 0, 8, 0, 0, 7, 0, 1, 0, 0, 0, 0, 0, 0, 0, 0, 0, 0, 0, 0, 0, 0, 0, 0, 0, 0, 0, 0, '', 0, 3, 1, 1, 1, 1, 1, 1, 1, 1, 0, 0, 0, 0, 1, 0, 0, '', 21742);
REPLACE INTO `creature_template` VALUES (1070731, 0, 0, 0, 0, 0, 'Hugor Bosschlag', '', 'Kapuzen', NULL, 'Buy', 0, 100, 100, 0, 0, 0, 35, 128, 1, 1.14286, 1, 2, 0, 0, 0, 1, 1, 1, 0, 0, 0, 8, 0, 0, 7, 0, 1, 0, 0, 0, 0, 0, 0, 0, 0, 0, 0, 0, 0, 0, 0, 0, 0, 0, 0, 0, 0, '', 0, 3, 1, 1, 1, 1, 1, 1, 1, 1, 0, 0, 0, 0, 1, 0, 0, '', 21742);
REPLACE INTO `creature_template` VALUES (1070730, 0, 0, 0, 0, 0, 'Stephanie Jones', '', 'Helme & Hüte', NULL, 'Buy', 0, 100, 100, 0, 0, 0, 35, 128, 1, 1.14286, 1, 2, 0, 0, 0, 1, 1, 1, 0, 0, 0, 8, 0, 0, 7, 0, 1, 0, 0, 0, 0, 0, 0, 0, 0, 0, 0, 0, 0, 0, 0, 0, 0, 0, 0, 0, 0, '', 0, 3, 1, 1, 1, 1, 1, 1, 1, 1, 0, 0, 0, 0, 1, 0, 0, '', 21742);
REPLACE INTO `creature_template` VALUES (1070729, 0, 0, 0, 0, 0, 'Pepper Polymorph', '', 'Polymorpherin', NULL, 'Transmogrify', 61000, 100, 100, 0, 0, 0, 35, 1, 1, 1.14286, 1, 0, 0, 0, 0, 1, 1, 1, 0, 0, 0, 8, 0, 0, 7, 0, 1, 0, 0, 0, 0, 0, 0, 0, 0, 0, 0, 0, 0, 0, 0, 0, 0, 0, 0, 0, 0, '', 0, 3, 1, 1, 1, 1, 1, 1, 1, 1, 0, 0, 0, 0, 1, 0, 0, 'npc_morph', 21742);

REPLACE INTO `creature_template_model` VALUES (1070754, 11, 3000000062, 1, 1, -1);
REPLACE INTO `creature_template_model` VALUES (1070754, 10, 3000000061, 1, 1, -1);
REPLACE INTO `creature_template_model` VALUES (1070754, 9, 3000000060, 1, 1, -1);
REPLACE INTO `creature_template_model` VALUES (1070754, 8, 3000000059, 1, 1, -1);
REPLACE INTO `creature_template_model` VALUES (1070754, 7, 3000000058, 1, 1, -1);
REPLACE INTO `creature_template_model` VALUES (1070754, 6, 3000000057, 1, 1, -1);
REPLACE INTO `creature_template_model` VALUES (1070754, 5, 3000000056, 1, 1, -1);
REPLACE INTO `creature_template_model` VALUES (1070754, 4, 3000000055, 1, 1, -1);
REPLACE INTO `creature_template_model` VALUES (1070754, 3, 3000000054, 1, 1, -1);
REPLACE INTO `creature_template_model` VALUES (1070754, 2, 3000000053, 1, 1, -1);
REPLACE INTO `creature_template_model` VALUES (1070754, 1, 3000000052, 1, 1, -1);
REPLACE INTO `creature_template_model` VALUES (1070754, 0, 3000000051, 1, 1, -1);
REPLACE INTO `creature_template_model` VALUES (1070753, 11, 3000000050, 1, 1, -1);
REPLACE INTO `creature_template_model` VALUES (1070753, 10, 3000000049, 1, 1, -1);
REPLACE INTO `creature_template_model` VALUES (1070753, 9, 3000000048, 1, 1, -1);
REPLACE INTO `creature_template_model` VALUES (1070753, 8, 3000000047, 1, 1, -1);
REPLACE INTO `creature_template_model` VALUES (1070753, 7, 3000000046, 1, 1, -1);
REPLACE INTO `creature_template_model` VALUES (1070753, 6, 3000000045, 1, 1, -1);
REPLACE INTO `creature_template_model` VALUES (1070753, 5, 3000000044, 1, 1, -1);
REPLACE INTO `creature_template_model` VALUES (1070753, 4, 3000000043, 1, 1, -1);
REPLACE INTO `creature_template_model` VALUES (1070753, 3, 3000000042, 1, 1, -1);
REPLACE INTO `creature_template_model` VALUES (1070753, 2, 3000000041, 1, 1, -1);
REPLACE INTO `creature_template_model` VALUES (1070753, 1, 3000000040, 1, 1, -1);
REPLACE INTO `creature_template_model` VALUES (1070753, 0, 3000000039, 1, 1, -1);
REPLACE INTO `creature_template_model` VALUES (1070752, 17, 3000000038, 1, 1, -1);
REPLACE INTO `creature_template_model` VALUES (1070752, 16, 3000000037, 1, 1, -1);
REPLACE INTO `creature_template_model` VALUES (1070752, 15, 3000000036, 1, 1, -1);
REPLACE INTO `creature_template_model` VALUES (1070752, 14, 3000000035, 1, 1, -1);
REPLACE INTO `creature_template_model` VALUES (1070752, 13, 3000000034, 1, 1, -1);
REPLACE INTO `creature_template_model` VALUES (1070752, 12, 3000000033, 1, 1, -1);
REPLACE INTO `creature_template_model` VALUES (1070752, 11, 3000000032, 1, 1, -1);
REPLACE INTO `creature_template_model` VALUES (1070752, 10, 3000000031, 1, 1, -1);
REPLACE INTO `creature_template_model` VALUES (1070752, 9, 3000000030, 1, 1, -1);
REPLACE INTO `creature_template_model` VALUES (1070752, 8, 3000000029, 1, 1, -1);
REPLACE INTO `creature_template_model` VALUES (1070752, 7, 3000000028, 1, 1, -1);
REPLACE INTO `creature_template_model` VALUES (1070752, 6, 3000000027, 1, 1, -1);
REPLACE INTO `creature_template_model` VALUES (1070752, 5, 3000000026, 1, 1, -1);
REPLACE INTO `creature_template_model` VALUES (1070752, 4, 3000000025, 1, 1, -1);
REPLACE INTO `creature_template_model` VALUES (1070752, 3, 3000000024, 1, 1, -1);
REPLACE INTO `creature_template_model` VALUES (1070752, 2, 3000000023, 1, 1, -1);
REPLACE INTO `creature_template_model` VALUES (1070752, 1, 3000000022, 1, 1, -1);
REPLACE INTO `creature_template_model` VALUES (1070752, 0, 3000000021, 1, 1, -1);
REPLACE INTO `creature_template_model` VALUES (1070751, 0, 77686, 1, 0, -1);
REPLACE INTO `creature_template_model` VALUES (1070750, 0, 59624, 9, 0, -1);
REPLACE INTO `creature_template_model` VALUES (1070749, 0, 3000000020, 1, 0, -1);
REPLACE INTO `creature_template_model` VALUES (1070748, 0, 3000000011, 1, 0, -1);
REPLACE INTO `creature_template_model` VALUES (1070747, 0, 3000000017, 1, 0, -1);
REPLACE INTO `creature_template_model` VALUES (1070746, 0, 3000000016, 1, 0, -1);
REPLACE INTO `creature_template_model` VALUES (1070745, 0, 3000000015, 1, 0, -1);
REPLACE INTO `creature_template_model` VALUES (1070744, 0, 3000000014, 1, 0, -1);
REPLACE INTO `creature_template_model` VALUES (1070743, 0, 3000000013, 1, 0, -1);
REPLACE INTO `creature_template_model` VALUES (1070742, 0, 3000000012, 1, 0, -1);
REPLACE INTO `creature_template_model` VALUES (1070741, 0, 3000000018, 1, 0, -1);
REPLACE INTO `creature_template_model` VALUES (1070740, 0, 3000000010, 1, 0, -1);
REPLACE INTO `creature_template_model` VALUES (1070739, 0, 3000000009, 1, 0, -1);
REPLACE INTO `creature_template_model` VALUES (1070738, 0, 3000000008, 1, 0, -1);
REPLACE INTO `creature_template_model` VALUES (1070737, 0, 3000000007, 1, 0, -1);
REPLACE INTO `creature_template_model` VALUES (1070736, 0, 3000000006, 1, 0, -1);
REPLACE INTO `creature_template_model` VALUES (1070735, 0, 3000000005, 1, 0, -1);
REPLACE INTO `creature_template_model` VALUES (1070734, 0, 3000000004, 1, 0, -1);
REPLACE INTO `creature_template_model` VALUES (1070733, 0, 3000000003, 1, 0, -1);
REPLACE INTO `creature_template_model` VALUES (1070732, 0, 3000000002, 1, 0, -1);
REPLACE INTO `creature_template_model` VALUES (1070731, 0, 3000000001, 1, 0, -1);
REPLACE INTO `creature_template_model` VALUES (1070730, 0, 3000000000, 1, 0, -1);
REPLACE INTO `creature_template_model` VALUES (1070729, 0, 3000000019, 1, 0, -1);

REPLACE INTO `creature_template_outfits` VALUES (3000000000, 46, 1, 1, 1, 3, 2, 17, 0, 0, 0, 0, 0, 0, 0, 0, 0, 41253, 0, 0, 0, 0, 0, 151804, 0, 18307, 0, 0, 0, 0, 0, 0, 0, 0, 0, 0, NULL);
REPLACE INTO `creature_template_outfits` VALUES (3000000001, 61, 2, 1, 0, 3, 2, 17, 0, 5, 0, 0, 0, 0, 0, 0, 0, 0, 0, 118367, 0, 55803, 0, 50199, 0, 0, 0, 0, 0, 101853, 0, 0, 0, 0, 0, 0, NULL);
REPLACE INTO `creature_template_outfits` VALUES (3000000002, 34, 3, 1, 1, 3, 8, 1, 5, 0, 0, 0, 0, 0, 0, 20158, 0, 0, 0, 162791, 0, 162797, 0, 162795, 0, 162792, 0, 162798, 0, 162793, 0, 0, 0, 0, 0, 0, NULL);
REPLACE INTO `creature_template_outfits` VALUES (3000000003, 59, 4, 1, 0, 11, 3, 8, 13, 3, 0, 0, 0, 0, 0, 81594, 0, 0, 0, 50689, 0, 0, 0, 50645, 0, 50711, 0, 0, 0, 116025, 0, 0, 0, 0, 0, 0, NULL);
REPLACE INTO `creature_template_outfits` VALUES (3000000004, 80, 5, 1, 1, 2, 0, 8, 13, 0, 2, 4, 0, 0, 0, 183516, 0, 0, 0, 165061, 0, 165068, 0, 0, 0, 182233, 0, 0, 0, 87119, 0, 0, 0, 0, 0, 0, NULL);
REPLACE INTO `creature_template_outfits` VALUES (3000000005, 132, 6, 1, 0, 10, 2, 5, 6, 4, 0, 0, 0, 152127, 0, 152129, 0, 0, 0, 0, 0, 0, 0, 152128, 0, 151983, 0, 152087, 0, 152126, 0, 0, 0, 0, 0, 0, NULL);
REPLACE INTO `creature_template_outfits` VALUES (3000000006, 103, 7, 1, 1, 0, 1, 8, 7, 0, 0, 0, 0, 168282, 0, 168283, 0, 10034, 0, 138319, 0, 168286, 0, 159277, 0, 157999, 0, 0, 0, 165434, 0, 0, 0, 0, 0, 0, NULL);
REPLACE INTO `creature_template_outfits` VALUES (3000000007, 78, 8, 1, 0, 0, 4, 3, 0, 2, 0, 0, 0, 0, 0, 0, 0, 44693, 0, 126352, 0, 45829, 0, 56880, 0, 126348, 0, 0, 0, 31567, 0, 0, 0, 0, 0, 0, NULL);
REPLACE INTO `creature_template_outfits` VALUES (3000000008, 107, 9, 1, 1, 4, 6, 2, 9, 3, 0, 0, 0, 11839, 0, 0, 0, 98082, 0, 104072, 0, 8291, 0, 151804, 0, 166830, 0, 0, 0, 0, 0, 0, 0, 0, 0, 0, NULL);
REPLACE INTO `creature_template_outfits` VALUES (3000000009, 197, 10, 1, 0, 11, 3, 8, 13, 0, 0, 0, 0, 0, 0, 0, 0, 4330, 0, 31263, 0, 29500, 0, 24262, 0, 24694, 0, 0, 0, 24696, 0, 0, 0, 0, 0, 0, NULL);
REPLACE INTO `creature_template_outfits` VALUES (3000000010, 205, 11, 1, 1, 12, 1, 4, 3, 3, 0, 0, 0, 0, 0, 0, 0, 0, 0, 140848, 0, 144404, 0, 0, 0, 139195, 0, 0, 0, 0, 0, 0, 0, 0, 0, 0, NULL);
REPLACE INTO `creature_template_outfits` VALUES (3000000011, 245, 16, 1, 0, 5, 0, 3, 4, 4, 0, 0, 0, 134470, 0, 133625, 0, 0, 0, 143335, 0, 143360, 0, 143351, 0, 143339, 0, 143364, 0, 143344, 0, 0, 0, 0, 0, 0, NULL);
REPLACE INTO `creature_template_outfits` VALUES (3000000012, 423, 22, 1, 1, 8, 3, 8, 13, 0, 0, 0, 0, 126956, 0, 0, 0, 0, 0, 49403, 0, 0, 0, 0, 0, 166830, 0, 0, 0, 0, 0, 0, 0, 0, 0, 0, NULL);
REPLACE INTO `creature_template_outfits` VALUES (3000000013, 677, 24, 1, 0, 11, 6, 2, 11, 3, 0, 0, 0, 170818, 0, 0, 0, 0, 0, 124243, 0, 124276, 0, 69221, 0, 124251, 0, 0, 0, 65843, 0, 0, 0, 0, 0, 0, NULL);
REPLACE INTO `creature_template_outfits` VALUES (3000000014, 1231, 27, 1, 1, 0, 0, 5, 4, 7, 0, 0, 0, 129061, 0, 140614, 0, 0, 0, 121435, 0, 141874, 0, 129065, 0, 133548, 0, 0, 0, 141007, 0, 0, 0, 0, 0, 0, NULL);
REPLACE INTO `creature_template_outfits` VALUES (3000000015, 1449, 32, 1, 0, 9, 2, 8, 13, 3, 0, 0, 0, 0, 0, 0, 0, 53852, 0, 159335, 0, 159333, 0, 159306, 0, 159343, 0, 159308, 0, 155889, 0, 155884, 0, 0, 0, 0, NULL);
REPLACE INTO `creature_template_outfits` VALUES (3000000016, 1588, 35, 1, 1, 11, 3, 11, 13, 0, 0, 0, 0, 0, 0, 0, 0, 0, 0, 126565, 0, 126559, 0, 126517, 0, 126561, 0, 0, 0, 126515, 0, 0, 0, 0, 0, 0, NULL);
REPLACE INTO `creature_template_outfits` VALUES (3000000017, 1818, 37, 1, 0, 2, 0, 3, 0, 5, 10, 0, 0, 0, 0, 163270, 0, 0, 0, 46960, 0, 163401, 0, 47184, 0, 0, 0, 0, 0, 0, 0, 0, 0, 0, 0, 0, NULL);
REPLACE INTO `creature_template_outfits` VALUES (3000000018, 194, 29, 1, 1, 0, 3, 0, 0, 0, 0, 0, 0, 0, 0, 0, 0, 20897, 0, 124171, 0, 78879, 0, 0, 0, 39254, 0, 0, 0, 0, 0, 0, 0, 0, 0, 0, NULL);
REPLACE INTO `creature_template_outfits` VALUES (3000000019, 103, 7, 1, 1, 3, 3, 0, 0, 5, 0, 0, 0, 125259, 0, 124773, 0, 0, 0, 124772, 0, 0, 0, 151804, 0, 125641, 0, 0, 0, 123997, 0, 0, 0, 0, 0, 0, NULL);
REPLACE INTO `creature_template_outfits` VALUES (3000000020, 131, 28, 1, 1, 2, 2, 4, 0, 0, 0, 0, 0, 170205, 0, 0, 0, 0, 0, 33863, 0, 0, 0, 0, 0, 0, 0, 0, 0, 0, 0, 0, 0, 0, 0, 0, NULL);
REPLACE INTO `creature_template_outfits` VALUES (3000000021, 49, 1, 1, 0, 0, 1, 5, 2, 5, 0, 0, 0, 0, 0, 0, 0, 0, 0, 52550, 0, 6581, 0, 9781, 0, 6836, 0, 0, 0, 0, 0, 0, 0, 0, 0, 0, NULL);
REPLACE INTO `creature_template_outfits` VALUES (3000000022, 49, 1, 1, 0, 0, 2, 3, 6, 2, 0, 0, 0, 0, 0, 0, 0, 859, 0, 9508, 0, 0, 0, 0, 0, 1419, 0, 0, 0, 0, 0, 0, 0, 0, 0, 0, NULL);
REPLACE INTO `creature_template_outfits` VALUES (3000000023, 49, 1, 1, 0, 3, 3, 8, 8, 1, 0, 0, 0, 0, 0, 0, 0, 0, 0, 1778, 0, 6425, 0, 4309, 0, 1772, 0, 0, 0, 0, 0, 0, 0, 0, 0, 0, NULL);
REPLACE INTO `creature_template_outfits` VALUES (3000000024, 46, 1, 1, 1, 6, 0, 3, 4, 0, 0, 0, 0, 0, 0, 0, 0, 0, 0, 21007, 0, 6425, 0, 0, 0, 1772, 0, 3377, 0, 0, 0, 0, 0, 0, 0, 0, NULL);
REPLACE INTO `creature_template_outfits` VALUES (3000000025, 46, 1, 1, 1, 2, 4, 0, 3, 0, 0, 0, 0, 0, 0, 0, 0, 4344, 0, 6116, 0, 4708, 0, 0, 0, 59, 0, 3377, 0, 0, 0, 0, 0, 0, 0, 0, NULL);
REPLACE INTO `creature_template_outfits` VALUES (3000000026, 46, 1, 1, 1, 0, 3, 14, 7, 0, 0, 0, 0, 0, 0, 0, 0, 4344, 0, 2160, 0, 4708, 0, 10045, 0, 1764, 0, 0, 0, 0, 0, 0, 0, 0, 0, 0, NULL);
REPLACE INTO `creature_template_outfits` VALUES (3000000027, 49, 1, 1, 0, 4, 0, 11, 3, 6, 0, 0, 0, 0, 0, 0, 0, 4334, 0, 24687, 0, 4708, 0, 24690, 0, 24686, 0, 0, 0, 0, 0, 0, 0, 0, 0, 0, NULL);
REPLACE INTO `creature_template_outfits` VALUES (3000000028, 49, 1, 1, 0, 1, 7, 10, 4, 1, 0, 0, 0, 0, 0, 0, 0, 4334, 0, 7113, 0, 7526, 0, 49543, 0, 4047, 0, 0, 0, 0, 0, 9908, 0, 0, 0, 0, NULL);
REPLACE INTO `creature_template_outfits` VALUES (3000000029, 49, 1, 1, 0, 5, 1, 6, 0, 4, 0, 0, 0, 0, 0, 0, 0, 167177, 0, 9844, 0, 9853, 0, 9851, 0, 6836, 0, 0, 0, 0, 0, 6542, 0, 0, 0, 0, NULL);
REPLACE INTO `creature_template_outfits` VALUES (3000000030, 46, 1, 1, 1, 0, 3, 16, 2, 0, 0, 0, 0, 0, 0, 0, 0, 0, 0, 33862, 0, 0, 0, 4343, 0, 67163, 0, 0, 0, 0, 0, 0, 0, 0, 0, 0, NULL);
REPLACE INTO `creature_template_outfits` VALUES (3000000031, 46, 1, 1, 1, 1, 2, 13, 0, 0, 0, 0, 0, 0, 0, 0, 0, 0, 0, 6682, 0, 0, 0, 0, 0, 6836, 0, 0, 0, 0, 0, 0, 0, 0, 0, 0, NULL);
REPLACE INTO `creature_template_outfits` VALUES (3000000032, 46, 1, 1, 1, 5, 6, 4, 7, 0, 0, 0, 0, 0, 0, 0, 0, 0, 0, 49408, 0, 0, 0, 0, 0, 6836, 0, 0, 0, 0, 0, 0, 0, 0, 0, 0, NULL);
REPLACE INTO `creature_template_outfits` VALUES (3000000033, 49, 1, 1, 0, 2, 3, 0, 2, 3, 0, 0, 0, 58255, 0, 0, 0, 6795, 0, 49574, 0, 49577, 0, 10035, 0, 49407, 0, 0, 0, 0, 0, 59395, 0, 0, 0, 0, NULL);
REPLACE INTO `creature_template_outfits` VALUES (3000000034, 49, 1, 1, 0, 4, 0, 12, 4, 2, 0, 0, 0, 0, 0, 0, 0, 6795, 0, 49570, 0, 163385, 0, 4343, 0, 49407, 0, 0, 0, 0, 0, 0, 0, 0, 0, 0, NULL);
REPLACE INTO `creature_template_outfits` VALUES (3000000035, 49, 1, 1, 0, 1, 7, 2, 0, 7, 0, 0, 0, 0, 0, 0, 0, 98086, 0, 49578, 0, 49577, 0, 10035, 0, 158237, 0, 0, 0, 0, 0, 0, 0, 0, 0, 0, NULL);
REPLACE INTO `creature_template_outfits` VALUES (3000000036, 46, 1, 1, 1, 9, 1, 22, 1, 0, 0, 0, 0, 0, 0, 0, 0, 0, 0, 49408, 0, 0, 0, 0, 0, 6836, 0, 0, 0, 0, 0, 7524, 0, 0, 0, 0, NULL);
REPLACE INTO `creature_template_outfits` VALUES (3000000037, 46, 1, 1, 1, 2, 5, 16, 5, 0, 0, 0, 0, 0, 0, 0, 0, 0, 0, 49399, 0, 0, 0, 0, 0, 49407, 0, 0, 0, 0, 0, 0, 0, 0, 0, 0, NULL);
REPLACE INTO `creature_template_outfits` VALUES (3000000038, 46, 1, 1, 1, 1, 2, 0, 7, 0, 0, 0, 0, 126956, 0, 0, 0, 0, 0, 49403, 0, 0, 0, 0, 0, 49407, 0, 0, 0, 0, 0, 0, 0, 0, 0, 0, NULL);
REPLACE INTO `creature_template_outfits` VALUES (3000000039, 61, 2, 1, 0, 1, 4, 8, 8, 2, 0, 0, 0, 0, 0, 0, 0, 0, 0, 1770, 0, 3376, 0, 1768, 0, 3065, 0, 3377, 0, 1767, 0, 0, 0, 0, 0, 0, NULL);
REPLACE INTO `creature_template_outfits` VALUES (3000000040, 61, 2, 1, 0, 5, 7, 0, 7, 3, 0, 0, 0, 0, 0, 0, 0, 127, 0, 0, 0, 24685, 0, 147, 0, 24686, 0, 14600, 0, 0, 0, 0, 0, 0, 0, 0, NULL);
REPLACE INTO `creature_template_outfits` VALUES (3000000041, 61, 2, 1, 0, 6, 1, 0, 1, 1, 0, 0, 0, 0, 0, 0, 0, 0, 0, 8203, 0, 15082, 0, 8206, 0, 8209, 0, 8205, 0, 8204, 0, 0, 0, 0, 0, 0, NULL);
REPLACE INTO `creature_template_outfits` VALUES (3000000042, 57, 2, 1, 1, 7, 0, 4, 5, 0, 0, 0, 0, 0, 0, 0, 0, 127, 0, 0, 0, 24685, 0, 147, 0, 24686, 0, 14600, 0, 0, 0, 0, 0, 0, 0, 0, NULL);
REPLACE INTO `creature_template_outfits` VALUES (3000000043, 57, 2, 1, 1, 2, 8, 3, 9, 0, 0, 0, 0, 0, 0, 0, 0, 6097, 0, 0, 0, 19136, 0, 3974, 0, 6122, 0, 0, 0, 0, 0, 0, 0, 0, 0, 0, NULL);
REPLACE INTO `creature_template_outfits` VALUES (3000000044, 57, 2, 1, 1, 5, 5, 1, 4, 0, 0, 0, 0, 4322, 0, 0, 0, 6096, 0, 0, 0, 3792, 0, 153, 0, 6122, 0, 0, 0, 0, 0, 3964, 0, 0, 0, 0, NULL);
REPLACE INTO `creature_template_outfits` VALUES (3000000045, 61, 2, 1, 0, 9, 3, 9, 2, 4, 0, 0, 0, 118894, 0, 0, 0, 0, 0, 15159, 0, 106415, 0, 5961, 0, 106418, 0, 0, 0, 0, 0, 0, 0, 0, 0, 0, NULL);
REPLACE INTO `creature_template_outfits` VALUES (3000000046, 61, 2, 1, 0, 1, 1, 5, 1, 1, 0, 0, 0, 0, 0, 0, 0, 0, 0, 62253, 0, 47998, 0, 39778, 0, 36356, 0, 129557, 0, 0, 0, 0, 0, 0, 0, 0, NULL);
REPLACE INTO `creature_template_outfits` VALUES (3000000047, 61, 2, 1, 0, 4, 4, 2, 3, 3, 0, 0, 0, 0, 0, 0, 0, 0, 0, 14562, 0, 160231, 0, 160230, 0, 9776, 0, 4795, 0, 0, 0, 0, 0, 0, 0, 0, NULL);
REPLACE INTO `creature_template_outfits` VALUES (3000000048, 57, 2, 1, 1, 6, 1, 1, 0, 0, 0, 0, 0, 0, 0, 0, 0, 0, 0, 124283, 0, 114706, 0, 38043, 0, 42766, 0, 113826, 0, 0, 0, 136748, 0, 0, 0, 0, NULL);
REPLACE INTO `creature_template_outfits` VALUES (3000000049, 57, 2, 1, 1, 8, 5, 2, 2, 0, 0, 0, 0, 0, 0, 0, 0, 0, 0, 50830, 0, 50838, 0, 131706, 0, 9743, 0, 0, 0, 0, 0, 0, 0, 0, 0, 0, NULL);
REPLACE INTO `creature_template_outfits` VALUES (3000000050, 57, 2, 1, 1, 1, 9, 4, 7, 0, 0, 0, 0, 0, 0, 0, 0, 0, 0, 99344, 0, 165538, 0, 0, 0, 183657, 0, 0, 0, 0, 0, 0, 0, 0, 0, 0, NULL);
REPLACE INTO `creature_template_outfits` VALUES (3000000051, 38, 3, 1, 0, 4, 2, 16, 1, 1, 0, 0, 0, 0, 0, 0, 0, 167179, 0, 0, 0, 24605, 0, 24610, 0, 24606, 0, 0, 0, 15401, 0, 0, 0, 0, 0, 0, NULL);
REPLACE INTO `creature_template_outfits` VALUES (3000000052, 38, 3, 1, 0, 3, 1, 13, 0, 9, 0, 0, 0, 0, 0, 0, 0, 0, 0, 3342, 0, 0, 0, 4316, 0, 6836, 0, 0, 0, 0, 0, 0, 0, 0, 0, 0, NULL);
REPLACE INTO `creature_template_outfits` VALUES (3000000053, 38, 3, 1, 0, 9, 5, 2, 8, 3, 0, 0, 0, 0, 0, 0, 0, 154, 0, 1425, 0, 4736, 0, 39, 0, 49531, 0, 0, 0, 0, 0, 0, 0, 0, 0, 0, NULL);
REPLACE INTO `creature_template_outfits` VALUES (3000000054, 34, 3, 1, 1, 8, 4, 10, 7, 0, 0, 0, 0, 0, 0, 0, 0, 1425, 0, 154, 0, 4736, 0, 39, 0, 49531, 0, 0, 0, 0, 0, 0, 0, 0, 0, 0, NULL);
REPLACE INTO `creature_template_outfits` VALUES (3000000055, 34, 3, 1, 1, 2, 3, 3, 10, 0, 0, 0, 0, 0, 0, 0, 0, 18231, 0, 5420, 0, 6418, 0, 10047, 0, 49531, 0, 0, 0, 0, 0, 0, 0, 0, 0, 0, NULL);
REPLACE INTO `creature_template_outfits` VALUES (3000000056, 34, 3, 1, 1, 1, 5, 2, 2, 0, 0, 0, 0, 0, 0, 0, 0, 144365, 0, 6226, 0, 15148, 0, 0, 0, 1772, 0, 0, 0, 0, 0, 0, 0, 0, 0, 0, NULL);
REPLACE INTO `creature_template_outfits` VALUES (3000000057, 38, 3, 1, 0, 0, 2, 9, 4, 7, 0, 0, 0, 0, 0, 0, 0, 41251, 0, 2568, 0, 24685, 0, 6903, 0, 6836, 0, 0, 0, 0, 0, 0, 0, 0, 0, 0, NULL);
REPLACE INTO `creature_template_outfits` VALUES (3000000058, 38, 3, 1, 0, 2, 0, 5, 1, 5, 0, 0, 0, 0, 0, 0, 0, 0, 0, 29926, 0, 7526, 0, 7519, 0, 10211, 0, 59015, 0, 10214, 0, 7053, 0, 0, 0, 0, NULL);
REPLACE INTO `creature_template_outfits` VALUES (3000000059, 38, 3, 1, 0, 5, 8, 4, 8, 8, 0, 0, 0, 0, 0, 0, 0, 0, 0, 7332, 0, 3587, 0, 9942, 0, 7472, 0, 7475, 0, 13870, 0, 0, 0, 0, 0, 0, NULL);
REPLACE INTO `creature_template_outfits` VALUES (3000000060, 34, 3, 1, 1, 0, 6, 1, 5, 0, 0, 0, 0, 0, 0, 0, 0, 859, 0, 2957, 0, 14113, 0, 3073, 0, 24622, 0, 24596, 0, 24592, 0, 0, 0, 0, 0, 0, NULL);
REPLACE INTO `creature_template_outfits` VALUES (3000000061, 34, 3, 1, 1, 8, 1, 0, 3, 0, 0, 0, 0, 0, 0, 0, 0, 0, 0, 12988, 0, 24685, 0, 10423, 0, 24686, 0, 36122, 0, 0, 0, 0, 0, 0, 0, 0, NULL);
REPLACE INTO `creature_template_outfits` VALUES (3000000062, 34, 3, 1, 1, 1, 9, 9, 2, 0, 0, 0, 0, 0, 0, 0, 0, 167181, 0, 10784, 0, 24685, 0, 127627, 0, 24686, 0, 0, 0, 0, 0, 0, 0, 0, 0, 0, NULL);

REPLACE INTO `creature_equip_template` VALUES (1070748, 1, 155155, 0, 0, 0, 0, 0, 0, 0, 0, 0);
REPLACE INTO `creature_equip_template` VALUES (1070747, 1, 169077, 0, 0, 0, 0, 0, 0, 0, 0, 0);
REPLACE INTO `creature_equip_template` VALUES (1070746, 1, 153403, 0, 0, 0, 0, 0, 0, 0, 0, 0);

REPLACE INTO `npc_vendor` VALUES (1070748, 0, 17183, 0, 0, 0, 1, NULL, 0, 0, 0);
REPLACE INTO `npc_vendor` VALUES (1070748, 0, 21022, 0, 0, 0, 1, NULL, 0, 0, 0);
REPLACE INTO `npc_vendor` VALUES (1070748, 0, 15894, 0, 0, 0, 1, NULL, 0, 0, 0);
REPLACE INTO `npc_vendor` VALUES (1070748, 0, 2376, 0, 0, 0, 1, NULL, 0, 0, 0);
REPLACE INTO `npc_vendor` VALUES (1070748, 0, 15512, 0, 0, 0, 1, NULL, 0, 0, 0);
REPLACE INTO `npc_vendor` VALUES (1070748, 0, 68724, 0, 0, 0, 1, NULL, 0, 0, 0);
REPLACE INTO `npc_vendor` VALUES (1070748, 0, 15667, 0, 0, 0, 1, NULL, 0, 0, 0);
REPLACE INTO `npc_vendor` VALUES (1070748, 0, 9935, 0, 0, 0, 1, NULL, 0, 0, 0);
REPLACE INTO `npc_vendor` VALUES (1070748, 0, 15633, 0, 0, 0, 1, NULL, 0, 0, 0);
REPLACE INTO `npc_vendor` VALUES (1070748, 0, 15990, 0, 0, 0, 1, NULL, 0, 0, 0);
REPLACE INTO `npc_vendor` VALUES (1070748, 0, 7331, 0, 0, 0, 1, NULL, 0, 0, 0);
REPLACE INTO `npc_vendor` VALUES (1070748, 0, 15563, 0, 0, 0, 1, NULL, 0, 0, 0);
REPLACE INTO `npc_vendor` VALUES (1070748, 0, 15530, 0, 0, 0, 1, NULL, 0, 0, 0);
REPLACE INTO `npc_vendor` VALUES (1070748, 0, 15657, 0, 0, 0, 1, NULL, 0, 0, 0);
REPLACE INTO `npc_vendor` VALUES (1070748, 0, 15890, 0, 0, 0, 1, NULL, 0, 0, 0);
REPLACE INTO `npc_vendor` VALUES (1070748, 0, 8134, 0, 0, 0, 1, NULL, 0, 0, 0);
REPLACE INTO `npc_vendor` VALUES (1070748, 0, 7002, 0, 0, 0, 1, NULL, 0, 0, 0);
REPLACE INTO `npc_vendor` VALUES (1070748, 0, 6725, 0, 0, 0, 1, NULL, 0, 0, 0);
REPLACE INTO `npc_vendor` VALUES (1070748, 0, 6694, 0, 0, 0, 1, NULL, 0, 0, 0);
REPLACE INTO `npc_vendor` VALUES (1070748, 0, 3655, 0, 0, 0, 1, NULL, 0, 0, 0);
REPLACE INTO `npc_vendor` VALUES (1070748, 0, 53247, 0, 0, 0, 1, NULL, 0, 0, 0);
REPLACE INTO `npc_vendor` VALUES (1070748, 0, 10363, 0, 0, 0, 1, NULL, 0, 0, 0);
REPLACE INTO `npc_vendor` VALUES (1070748, 0, 54990, 0, 0, 0, 1, NULL, 0, 0, 0);
REPLACE INTO `npc_vendor` VALUES (1070748, 0, 2445, 0, 0, 0, 1, NULL, 0, 0, 0);
REPLACE INTO `npc_vendor` VALUES (1070748, 0, 6176, 0, 0, 0, 1, NULL, 0, 0, 0);
REPLACE INTO `npc_vendor` VALUES (1070748, 0, 65339, 0, 0, 0, 1, NULL, 0, 0, 0);
REPLACE INTO `npc_vendor` VALUES (1070748, 0, 29919, 0, 0, 0, 1, NULL, 0, 0, 0);
REPLACE INTO `npc_vendor` VALUES (1070748, 0, 29176, 0, 0, 0, 1, NULL, 0, 0, 0);
REPLACE INTO `npc_vendor` VALUES (1070748, 0, 25073, 0, 0, 0, 1, NULL, 0, 0, 0);
REPLACE INTO `npc_vendor` VALUES (1070748, 0, 62952, 0, 0, 0, 1, NULL, 0, 0, 0);
REPLACE INTO `npc_vendor` VALUES (1070748, 0, 25081, 0, 0, 0, 1, NULL, 0, 0, 0);
REPLACE INTO `npc_vendor` VALUES (1070748, 0, 36448, 0, 0, 0, 1, NULL, 0, 0, 0);
REPLACE INTO `npc_vendor` VALUES (1070748, 0, 36447, 0, 0, 0, 1, NULL, 0, 0, 0);
REPLACE INTO `npc_vendor` VALUES (1070748, 0, 36452, 0, 0, 0, 1, NULL, 0, 0, 0);
REPLACE INTO `npc_vendor` VALUES (1070748, 0, 114945, 0, 0, 0, 1, NULL, 0, 0, 0);
REPLACE INTO `npc_vendor` VALUES (1070748, 0, 116647, 0, 0, 0, 1, NULL, 0, 0, 0);
REPLACE INTO `npc_vendor` VALUES (1070748, 0, 159798, 0, 0, 0, 1, NULL, 0, 0, 0);
REPLACE INTO `npc_vendor` VALUES (1070748, 0, 158517, 0, 0, 0, 1, NULL, 0, 0, 0);
REPLACE INTO `npc_vendor` VALUES (1070748, 0, 159802, 0, 0, 0, 1, NULL, 0, 0, 0);
REPLACE INTO `npc_vendor` VALUES (1070748, 0, 155082, 0, 0, 0, 1, NULL, 0, 0, 0);
REPLACE INTO `npc_vendor` VALUES (1070747, 0, 24136, 0, 0, 0, 1, NULL, 0, 0, 0);
REPLACE INTO `npc_vendor` VALUES (1070747, 0, 4931, 0, 0, 0, 1, NULL, 0, 0, 0);
REPLACE INTO `npc_vendor` VALUES (1070747, 0, 53388, 0, 0, 0, 1, NULL, 0, 0, 0);
REPLACE INTO `npc_vendor` VALUES (1070747, 0, 2507, 0, 0, 0, 1, NULL, 0, 0, 0);
REPLACE INTO `npc_vendor` VALUES (1070747, 0, 23398, 0, 0, 0, 1, NULL, 0, 0, 0);
REPLACE INTO `npc_vendor` VALUES (1070747, 0, 6739, 0, 0, 0, 1, NULL, 0, 0, 0);
REPLACE INTO `npc_vendor` VALUES (1070747, 0, 25971, 0, 0, 0, 1, NULL, 0, 0, 0);
REPLACE INTO `npc_vendor` VALUES (1070747, 0, 4576, 0, 0, 0, 1, NULL, 0, 0, 0);
REPLACE INTO `npc_vendor` VALUES (1070747, 0, 5817, 0, 0, 0, 1, NULL, 0, 0, 0);
REPLACE INTO `npc_vendor` VALUES (1070747, 0, 65300, 0, 0, 0, 1, NULL, 0, 0, 0);
REPLACE INTO `npc_vendor` VALUES (1070747, 0, 25248, 0, 0, 0, 1, NULL, 0, 0, 0);
REPLACE INTO `npc_vendor` VALUES (1070747, 0, 25246, 0, 0, 0, 1, NULL, 0, 0, 0);
REPLACE INTO `npc_vendor` VALUES (1070747, 0, 60727, 0, 0, 0, 1, NULL, 0, 0, 0);
REPLACE INTO `npc_vendor` VALUES (1070747, 0, 57393, 0, 0, 0, 1, NULL, 0, 0, 0);
REPLACE INTO `npc_vendor` VALUES (1070747, 0, 24433, 0, 0, 0, 1, NULL, 0, 0, 0);
REPLACE INTO `npc_vendor` VALUES (1070747, 0, 30757, 0, 0, 0, 1, NULL, 0, 0, 0);
REPLACE INTO `npc_vendor` VALUES (1070747, 0, 73234, 0, 0, 0, 1, NULL, 0, 0, 0);
REPLACE INTO `npc_vendor` VALUES (1070747, 0, 74588, 0, 0, 0, 1, NULL, 0, 0, 0);
REPLACE INTO `npc_vendor` VALUES (1070747, 0, 73211, 0, 0, 0, 1, NULL, 0, 0, 0);
REPLACE INTO `npc_vendor` VALUES (1070747, 0, 27402, 0, 0, 0, 1, NULL, 0, 0, 0);
REPLACE INTO `npc_vendor` VALUES (1070747, 0, 25260, 0, 0, 0, 1, NULL, 0, 0, 0);
REPLACE INTO `npc_vendor` VALUES (1070747, 0, 155063, 0, 0, 0, 1, NULL, 0, 0, 0);
REPLACE INTO `npc_vendor` VALUES (1070747, 0, 159494, 0, 0, 0, 1, NULL, 0, 0, 0);
REPLACE INTO `npc_vendor` VALUES (1070747, 0, 2508, 0, 0, 0, 1, NULL, 0, 0, 0);
REPLACE INTO `npc_vendor` VALUES (1070747, 0, 12446, 0, 0, 0, 1, NULL, 0, 0, 0);
REPLACE INTO `npc_vendor` VALUES (1070747, 0, 57224, 0, 0, 0, 1, NULL, 0, 0, 0);
REPLACE INTO `npc_vendor` VALUES (1070747, 0, 8181, 0, 0, 0, 1, NULL, 0, 0, 0);
REPLACE INTO `npc_vendor` VALUES (1070747, 0, 8182, 0, 0, 0, 1, NULL, 0, 0, 0);
REPLACE INTO `npc_vendor` VALUES (1070747, 0, 3023, 0, 0, 0, 1, NULL, 0, 0, 0);
REPLACE INTO `npc_vendor` VALUES (1070747, 0, 25269, 0, 0, 0, 1, NULL, 0, 0, 0);
REPLACE INTO `npc_vendor` VALUES (1070747, 0, 62163, 0, 0, 0, 1, NULL, 0, 0, 0);
REPLACE INTO `npc_vendor` VALUES (1070747, 0, 60714, 0, 0, 0, 1, NULL, 0, 0, 0);
REPLACE INTO `npc_vendor` VALUES (1070747, 0, 66439, 0, 0, 0, 1, NULL, 0, 0, 0);
REPLACE INTO `npc_vendor` VALUES (1070747, 0, 90029, 0, 0, 0, 1, NULL, 0, 0, 0);
REPLACE INTO `npc_vendor` VALUES (1070747, 0, 57226, 0, 0, 0, 1, NULL, 0, 0, 0);
REPLACE INTO `npc_vendor` VALUES (1070747, 0, 5209, 0, 0, 0, 1, NULL, 0, 0, 0);
REPLACE INTO `npc_vendor` VALUES (1070747, 0, 57394, 0, 0, 0, 1, NULL, 0, 0, 0);
REPLACE INTO `npc_vendor` VALUES (1070747, 0, 5236, 0, 0, 0, 1, NULL, 0, 0, 0);
REPLACE INTO `npc_vendor` VALUES (1070747, 0, 5210, 0, 0, 0, 1, NULL, 0, 0, 0);
REPLACE INTO `npc_vendor` VALUES (1070747, 0, 40019, 0, 0, 0, 1, NULL, 0, 0, 0);
REPLACE INTO `npc_vendor` VALUES (1070747, 0, 40020, 0, 0, 0, 1, NULL, 0, 0, 0);
REPLACE INTO `npc_vendor` VALUES (1070747, 0, 31424, 0, 0, 0, 1, NULL, 0, 0, 0);
REPLACE INTO `npc_vendor` VALUES (1070747, 0, 30252, 0, 0, 0, 1, NULL, 0, 0, 0);
REPLACE INTO `npc_vendor` VALUES (1070747, 0, 5248, 0, 0, 0, 1, NULL, 0, 0, 0);
REPLACE INTO `npc_vendor` VALUES (1070747, 0, 4547, 0, 0, 0, 1, NULL, 0, 0, 0);
REPLACE INTO `npc_vendor` VALUES (1070747, 0, 63735, 0, 0, 0, 1, NULL, 0, 0, 0);
REPLACE INTO `npc_vendor` VALUES (1070747, 0, 59695, 0, 0, 0, 1, NULL, 0, 0, 0);
REPLACE INTO `npc_vendor` VALUES (1070747, 0, 55480, 0, 0, 0, 1, NULL, 0, 0, 0);
REPLACE INTO `npc_vendor` VALUES (1070746, 0, 73233, 0, 0, 0, 1, NULL, 0, 0, 0);
REPLACE INTO `npc_vendor` VALUES (1070746, 0, 161916, 0, 0, 0, 1, NULL, 0, 0, 0);
REPLACE INTO `npc_vendor` VALUES (1070746, 0, 2092, 0, 0, 0, 1, NULL, 0, 0, 0);
REPLACE INTO `npc_vendor` VALUES (1070746, 0, 5392, 0, 0, 0, 1, NULL, 0, 0, 0);
REPLACE INTO `npc_vendor` VALUES (1070746, 0, 4925, 0, 0, 0, 1, NULL, 0, 0, 0);
REPLACE INTO `npc_vendor` VALUES (1070746, 0, 3225, 0, 0, 0, 1, NULL, 0, 0, 0);
REPLACE INTO `npc_vendor` VALUES (1070746, 0, 10547, 0, 0, 0, 1, NULL, 0, 0, 0);
REPLACE INTO `npc_vendor` VALUES (1070746, 0, 74592, 0, 0, 0, 1, NULL, 0, 0, 0);
REPLACE INTO `npc_vendor` VALUES (1070746, 0, 73238, 0, 0, 0, 1, NULL, 0, 0, 0);
REPLACE INTO `npc_vendor` VALUES (1070746, 0, 73236, 0, 0, 0, 1, NULL, 0, 0, 0);
REPLACE INTO `npc_vendor` VALUES (1070746, 0, 2208, 0, 0, 0, 1, NULL, 0, 0, 0);
REPLACE INTO `npc_vendor` VALUES (1070746, 0, 133696, 0, 0, 0, 1, NULL, 0, 0, 0);
REPLACE INTO `npc_vendor` VALUES (1070746, 0, 2494, 0, 0, 0, 1, NULL, 0, 0, 0);
REPLACE INTO `npc_vendor` VALUES (1070746, 0, 22963, 0, 0, 0, 1, NULL, 0, 0, 0);
REPLACE INTO `npc_vendor` VALUES (1070746, 0, 133693, 0, 0, 0, 1, NULL, 0, 0, 0);
REPLACE INTO `npc_vendor` VALUES (1070746, 0, 53300, 0, 0, 0, 1, NULL, 0, 0, 0);
REPLACE INTO `npc_vendor` VALUES (1070746, 0, 57492, 0, 0, 0, 1, NULL, 0, 0, 0);
REPLACE INTO `npc_vendor` VALUES (1070746, 0, 159518, 0, 0, 0, 1, NULL, 0, 0, 0);
REPLACE INTO `npc_vendor` VALUES (1070746, 0, 160520, 0, 0, 0, 1, NULL, 0, 0, 0);
REPLACE INTO `npc_vendor` VALUES (1070746, 0, 56885, 0, 0, 0, 1, NULL, 0, 0, 0);
REPLACE INTO `npc_vendor` VALUES (1070746, 0, 5742, 0, 0, 0, 1, NULL, 0, 0, 0);
REPLACE INTO `npc_vendor` VALUES (1070746, 0, 116644, 0, 0, 0, 1, NULL, 0, 0, 0);
REPLACE INTO `npc_vendor` VALUES (1070746, 0, 116461, 0, 0, 0, 1, NULL, 0, 0, 0);
REPLACE INTO `npc_vendor` VALUES (1070746, 0, 158085, 0, 0, 0, 1, NULL, 0, 0, 0);
REPLACE INTO `npc_vendor` VALUES (1070746, 0, 44641, 0, 0, 0, 1, NULL, 0, 0, 0);
REPLACE INTO `npc_vendor` VALUES (1070746, 0, 15906, 0, 0, 0, 1, NULL, 0, 0, 0);
REPLACE INTO `npc_vendor` VALUES (1070746, 0, 15907, 0, 0, 0, 1, NULL, 0, 0, 0);
REPLACE INTO `npc_vendor` VALUES (1070746, 0, 15909, 0, 0, 0, 1, NULL, 0, 0, 0);
REPLACE INTO `npc_vendor` VALUES (1070746, 0, 15903, 0, 0, 0, 1, NULL, 0, 0, 0);
REPLACE INTO `npc_vendor` VALUES (1070746, 0, 15904, 0, 0, 0, 1, NULL, 0, 0, 0);
REPLACE INTO `npc_vendor` VALUES (1070746, 0, 35830, 0, 0, 0, 1, NULL, 0, 0, 0);
REPLACE INTO `npc_vendor` VALUES (1070746, 0, 36568, 0, 0, 0, 1, NULL, 0, 0, 0);
REPLACE INTO `npc_vendor` VALUES (1070746, 0, 58978, 0, 0, 0, 1, NULL, 0, 0, 0);
REPLACE INTO `npc_vendor` VALUES (1070746, 0, 25189, 0, 0, 0, 1, NULL, 0, 0, 0);
REPLACE INTO `npc_vendor` VALUES (1070746, 0, 55351, 0, 0, 0, 1, NULL, 0, 0, 0);
REPLACE INTO `npc_vendor` VALUES (1070746, 0, 87509, 0, 0, 0, 1, NULL, 0, 0, 0);
REPLACE INTO `npc_vendor` VALUES (1070746, 0, 81245, 0, 0, 0, 1, NULL, 0, 0, 0);
REPLACE INTO `npc_vendor` VALUES (1070746, 0, 163925, 0, 0, 0, 1, NULL, 0, 0, 0);
REPLACE INTO `npc_vendor` VALUES (1070746, 0, 163926, 0, 0, 0, 1, NULL, 0, 0, 0);
REPLACE INTO `npc_vendor` VALUES (1070746, 0, 163927, 0, 0, 0, 1, NULL, 0, 0, 0);
REPLACE INTO `npc_vendor` VALUES (1070746, 0, 155425, 0, 0, 0, 1, NULL, 0, 0, 0);
REPLACE INTO `npc_vendor` VALUES (1070746, 0, 158089, 0, 0, 0, 1, NULL, 0, 0, 0);
REPLACE INTO `npc_vendor` VALUES (1070746, 0, 158088, 0, 0, 0, 1, NULL, 0, 0, 0);
REPLACE INTO `npc_vendor` VALUES (1070746, 0, 37, 0, 0, 0, 1, NULL, 0, 0, 0);
REPLACE INTO `npc_vendor` VALUES (1070746, 0, 2530, 0, 0, 0, 1, NULL, 0, 0, 0);
REPLACE INTO `npc_vendor` VALUES (1070746, 0, 3071, 0, 0, 0, 1, NULL, 0, 0, 0);
REPLACE INTO `npc_vendor` VALUES (1070746, 0, 927, 0, 0, 0, 1, NULL, 0, 0, 0);
REPLACE INTO `npc_vendor` VALUES (1070746, 0, 116542, 0, 0, 0, 1, NULL, 0, 0, 0);
REPLACE INTO `npc_vendor` VALUES (1070746, 0, 116576, 0, 0, 0, 1, NULL, 0, 0, 0);
REPLACE INTO `npc_vendor` VALUES (1070746, 0, 119207, 0, 0, 0, 1, NULL, 0, 0, 0);
REPLACE INTO `npc_vendor` VALUES (1070746, 0, 94099, 0, 0, 0, 1, NULL, 0, 0, 0);
REPLACE INTO `npc_vendor` VALUES (1070746, 0, 6738, 0, 0, 0, 1, NULL, 0, 0, 0);
REPLACE INTO `npc_vendor` VALUES (1070746, 0, 159660, 0, 0, 0, 1, NULL, 0, 0, 0);
REPLACE INTO `npc_vendor` VALUES (1070746, 0, 153290, 0, 0, 0, 1, NULL, 0, 0, 0);
REPLACE INTO `npc_vendor` VALUES (1070746, 0, 36, 0, 0, 0, 1, NULL, 0, 0, 0);
REPLACE INTO `npc_vendor` VALUES (1070746, 0, 1389, 0, 0, 0, 1, NULL, 0, 0, 0);
REPLACE INTO `npc_vendor` VALUES (1070746, 0, 766, 0, 0, 0, 1, NULL, 0, 0, 0);
REPLACE INTO `npc_vendor` VALUES (1070746, 0, 157020, 0, 0, 0, 1, NULL, 0, 0, 0);
REPLACE INTO `npc_vendor` VALUES (1070746, 0, 1913, 0, 0, 0, 1, NULL, 0, 0, 0);
REPLACE INTO `npc_vendor` VALUES (1070746, 0, 925, 0, 0, 0, 1, NULL, 0, 0, 0);
REPLACE INTO `npc_vendor` VALUES (1070746, 0, 2130, 0, 0, 0, 1, NULL, 0, 0, 0);
REPLACE INTO `npc_vendor` VALUES (1070746, 0, 2532, 0, 0, 0, 1, NULL, 0, 0, 0);
REPLACE INTO `npc_vendor` VALUES (1070746, 0, 4924, 0, 0, 0, 1, NULL, 0, 0, 0);
REPLACE INTO `npc_vendor` VALUES (1070746, 0, 73207, 0, 0, 0, 1, NULL, 0, 0, 0);
REPLACE INTO `npc_vendor` VALUES (1070746, 0, 157585, 0, 0, 0, 1, NULL, 0, 0, 0);
REPLACE INTO `npc_vendor` VALUES (1070746, 0, 52952, 0, 0, 0, 1, NULL, 0, 0, 0);
REPLACE INTO `npc_vendor` VALUES (1070746, 0, 6968, 0, 0, 0, 1, NULL, 0, 0, 0);
REPLACE INTO `npc_vendor` VALUES (1070746, 0, 158647, 0, 0, 0, 1, NULL, 0, 0, 0);
REPLACE INTO `npc_vendor` VALUES (1070746, 0, 36687, 0, 0, 0, 1, NULL, 0, 0, 0);
REPLACE INTO `npc_vendor` VALUES (1070746, 0, 2520, 0, 0, 0, 1, NULL, 0, 0, 0);
REPLACE INTO `npc_vendor` VALUES (1070746, 0, 2488, 0, 0, 0, 1, NULL, 0, 0, 0);
REPLACE INTO `npc_vendor` VALUES (1070746, 0, 4932, 0, 0, 0, 1, NULL, 0, 0, 0);
REPLACE INTO `npc_vendor` VALUES (1070746, 0, 851, 0, 0, 0, 1, NULL, 0, 0, 0);
REPLACE INTO `npc_vendor` VALUES (1070746, 0, 2065, 0, 0, 0, 1, NULL, 0, 0, 0);
REPLACE INTO `npc_vendor` VALUES (1070746, 0, 4560, 0, 0, 0, 1, NULL, 0, 0, 0);
REPLACE INTO `npc_vendor` VALUES (1070746, 0, 74591, 0, 0, 0, 1, NULL, 0, 0, 0);
REPLACE INTO `npc_vendor` VALUES (1070746, 0, 23505, 0, 0, 0, 1, NULL, 0, 0, 0);
REPLACE INTO `npc_vendor` VALUES (1070746, 0, 8196, 0, 0, 0, 1, NULL, 0, 0, 0);
REPLACE INTO `npc_vendor` VALUES (1070746, 0, 36517, 0, 0, 0, 1, NULL, 0, 0, 0);
REPLACE INTO `npc_vendor` VALUES (1070746, 0, 37039, 0, 0, 0, 1, NULL, 0, 0, 0);
REPLACE INTO `npc_vendor` VALUES (1070746, 0, 39987, 0, 0, 0, 1, NULL, 0, 0, 0);
REPLACE INTO `npc_vendor` VALUES (1070746, 0, 15810, 0, 0, 0, 1, NULL, 0, 0, 0);
REPLACE INTO `npc_vendor` VALUES (1070746, 0, 57244, 0, 0, 0, 1, NULL, 0, 0, 0);
REPLACE INTO `npc_vendor` VALUES (1070746, 0, 11864, 0, 0, 0, 1, NULL, 0, 0, 0);
REPLACE INTO `npc_vendor` VALUES (1070746, 0, 88723, 0, 0, 0, 1, NULL, 0, 0, 0);
REPLACE INTO `npc_vendor` VALUES (1070746, 0, 156992, 0, 0, 0, 1, NULL, 0, 0, 0);
REPLACE INTO `npc_vendor` VALUES (1070746, 0, 23553, 0, 0, 0, 1, NULL, 0, 0, 0);
REPLACE INTO `npc_vendor` VALUES (1070746, 0, 2495, 0, 0, 0, 1, NULL, 0, 0, 0);
REPLACE INTO `npc_vendor` VALUES (1070746, 0, 1388, 0, 0, 0, 1, NULL, 0, 0, 0);
REPLACE INTO `npc_vendor` VALUES (1070746, 0, 4938, 0, 0, 0, 1, NULL, 0, 0, 0);
REPLACE INTO `npc_vendor` VALUES (1070746, 0, 20839, 0, 0, 0, 1, NULL, 0, 0, 0);
REPLACE INTO `npc_vendor` VALUES (1070746, 0, 4961, 0, 0, 0, 1, NULL, 0, 0, 0);
REPLACE INTO `npc_vendor` VALUES (1070746, 0, 5776, 0, 0, 0, 1, NULL, 0, 0, 0);
REPLACE INTO `npc_vendor` VALUES (1070746, 0, 7094, 0, 0, 0, 1, NULL, 0, 0, 0);
REPLACE INTO `npc_vendor` VALUES (1070746, 0, 29911, 0, 0, 0, 1, NULL, 0, 0, 0);
REPLACE INTO `npc_vendor` VALUES (1070746, 0, 55936, 0, 0, 0, 1, NULL, 0, 0, 0);
REPLACE INTO `npc_vendor` VALUES (1070746, 0, 25325, 0, 0, 0, 1, NULL, 0, 0, 0);
REPLACE INTO `npc_vendor` VALUES (1070746, 0, 156959, 0, 0, 0, 1, NULL, 0, 0, 0);
REPLACE INTO `npc_vendor` VALUES (1070746, 0, 1300, 0, 0, 0, 1, NULL, 0, 0, 0);
REPLACE INTO `npc_vendor` VALUES (1070746, 0, 5340, 0, 0, 0, 1, NULL, 0, 0, 0);
REPLACE INTO `npc_vendor` VALUES (1070746, 0, 55443, 0, 0, 0, 1, NULL, 0, 0, 0);
REPLACE INTO `npc_vendor` VALUES (1070746, 0, 15274, 0, 0, 0, 1, NULL, 0, 0, 0);
REPLACE INTO `npc_vendor` VALUES (1070746, 0, 52633, 0, 0, 0, 1, NULL, 0, 0, 0);
REPLACE INTO `npc_vendor` VALUES (1070746, 0, 25622, 0, 0, 0, 1, NULL, 0, 0, 0);
REPLACE INTO `npc_vendor` VALUES (1070746, 0, 62857, 0, 0, 0, 1, NULL, 0, 0, 0);
REPLACE INTO `npc_vendor` VALUES (1070746, 0, 880, 0, 0, 0, 1, NULL, 0, 0, 0);
REPLACE INTO `npc_vendor` VALUES (1070746, 0, 161189, 0, 0, 0, 1, NULL, 0, 0, 0);
REPLACE INTO `npc_vendor` VALUES (1070746, 0, 19101, 0, 0, 0, 1, NULL, 0, 0, 0);
REPLACE INTO `npc_vendor` VALUES (1070746, 0, 93126, 0, 0, 0, 1, NULL, 0, 0, 0);
REPLACE INTO `npc_vendor` VALUES (1070746, 0, 9683, 0, 0, 0, 1, NULL, 0, 0, 0);
REPLACE INTO `npc_vendor` VALUES (1070746, 0, 6631, 0, 0, 0, 1, NULL, 0, 0, 0);
REPLACE INTO `npc_vendor` VALUES (1070746, 0, 17743, 0, 0, 0, 1, NULL, 0, 0, 0);
REPLACE INTO `npc_vendor` VALUES (1070746, 0, 87566, 0, 0, 0, 1, NULL, 0, 0, 0);
REPLACE INTO `npc_vendor` VALUES (1070745, 0, 124640, 0, 0, 0, 1, NULL, 0, 0, 0);
REPLACE INTO `npc_vendor` VALUES (1070745, 0, 9172, 0, 0, 0, 1, NULL, 0, 0, 0);
REPLACE INTO `npc_vendor` VALUES (1070745, 0, 2459, 0, 0, 0, 1, NULL, 0, 0, 0);
REPLACE INTO `npc_vendor` VALUES (1070745, 0, 6372, 0, 0, 0, 1, NULL, 0, 0, 0);
REPLACE INTO `npc_vendor` VALUES (1070745, 0, 58489, 0, 0, 0, 1, NULL, 0, 0, 0);
REPLACE INTO `npc_vendor` VALUES (1070745, 0, 5996, 0, 0, 0, 1, NULL, 0, 0, 0);
REPLACE INTO `npc_vendor` VALUES (1070745, 0, 152550, 0, 0, 0, 1, NULL, 0, 0, 0);
REPLACE INTO `npc_vendor` VALUES (1070744, 0, 6219, 0, 0, 0, 1, NULL, 0, 0, 0);
REPLACE INTO `npc_vendor` VALUES (1070744, 0, 4616, 0, 0, 0, 1, NULL, 0, 0, 0);
REPLACE INTO `npc_vendor` VALUES (1070744, 0, 5956, 0, 0, 0, 1, NULL, 0, 0, 0);
REPLACE INTO `npc_vendor` VALUES (1070744, 0, 7005, 0, 0, 0, 1, NULL, 0, 0, 0);
REPLACE INTO `npc_vendor` VALUES (1070744, 0, 6256, 0, 0, 0, 1, NULL, 0, 0, 0);
REPLACE INTO `npc_vendor` VALUES (1070744, 0, 6366, 0, 0, 0, 1, NULL, 0, 0, 0);
REPLACE INTO `npc_vendor` VALUES (1070744, 0, 6367, 0, 0, 0, 1, NULL, 0, 0, 0);
REPLACE INTO `npc_vendor` VALUES (1070744, 0, 90547, 0, 0, 0, 1, NULL, 0, 0, 0);
REPLACE INTO `npc_vendor` VALUES (1070744, 0, 113547, 0, 0, 0, 1, NULL, 0, 0, 0);
REPLACE INTO `npc_vendor` VALUES (1070744, 0, 22206, 0, 0, 0, 1, NULL, 0, 0, 0);
REPLACE INTO `npc_vendor` VALUES (1070744, 0, 3423, 0, 0, 0, 1, NULL, 0, 0, 0);
REPLACE INTO `npc_vendor` VALUES (1070744, 0, 56683, 0, 0, 0, 1, NULL, 0, 0, 0);
REPLACE INTO `npc_vendor` VALUES (1070744, 0, 19295, 0, 0, 0, 1, NULL, 0, 0, 0);
REPLACE INTO `npc_vendor` VALUES (1070744, 0, 3421, 0, 0, 0, 1, NULL, 0, 0, 0);
REPLACE INTO `npc_vendor` VALUES (1070744, 0, 3422, 0, 0, 0, 1, NULL, 0, 0, 0);
REPLACE INTO `npc_vendor` VALUES (1070744, 0, 38293, 0, 0, 0, 1, NULL, 0, 0, 0);
REPLACE INTO `npc_vendor` VALUES (1070744, 0, 43327, 0, 0, 0, 1, NULL, 0, 0, 0);
REPLACE INTO `npc_vendor` VALUES (1070744, 0, 36465, 0, 0, 0, 1, NULL, 0, 0, 0);
REPLACE INTO `npc_vendor` VALUES (1070744, 0, 86559, 0, 0, 0, 1, NULL, 0, 0, 0);
REPLACE INTO `npc_vendor` VALUES (1070744, 0, 86558, 0, 0, 0, 1, NULL, 0, 0, 0);
REPLACE INTO `npc_vendor` VALUES (1070744, 0, 10772, 0, 0, 0, 1, NULL, 0, 0, 0);
REPLACE INTO `npc_vendor` VALUES (1070744, 0, 16967, 0, 0, 0, 1, NULL, 0, 0, 0);
REPLACE INTO `npc_vendor` VALUES (1070744, 0, 34486, 0, 0, 0, 1, NULL, 0, 0, 0);
REPLACE INTO `npc_vendor` VALUES (1070744, 0, 27515, 0, 0, 0, 1, NULL, 0, 0, 0);
REPLACE INTO `npc_vendor` VALUES (1070744, 0, 27516, 0, 0, 0, 1, NULL, 0, 0, 0);
REPLACE INTO `npc_vendor` VALUES (1070744, 0, 3360, 0, 0, 0, 1, NULL, 0, 0, 0);
REPLACE INTO `npc_vendor` VALUES (1070744, 0, 29269, 0, 0, 0, 1, NULL, 0, 0, 0);
REPLACE INTO `npc_vendor` VALUES (1070744, 0, 56306, 0, 0, 0, 1, NULL, 0, 0, 0);
REPLACE INTO `npc_vendor` VALUES (1070744, 0, 59484, 0, 0, 0, 1, NULL, 0, 0, 0);
REPLACE INTO `npc_vendor` VALUES (1070744, 0, 65133, 0, 0, 0, 1, NULL, 0, 0, 0);
REPLACE INTO `npc_vendor` VALUES (1070744, 0, 172129, 0, 0, 0, 1, NULL, 0, 0, 0);
REPLACE INTO `npc_vendor` VALUES (1070744, 0, 43654, 0, 0, 0, 1, NULL, 0, 0, 0);
REPLACE INTO `npc_vendor` VALUES (1070744, 0, 33266, 0, 0, 0, 1, NULL, 0, 0, 0);
REPLACE INTO `npc_vendor` VALUES (1070744, 0, 37889, 0, 0, 0, 1, NULL, 0, 0, 0);
REPLACE INTO `npc_vendor` VALUES (1070744, 0, 38579, 0, 0, 0, 1, NULL, 0, 0, 0);
REPLACE INTO `npc_vendor` VALUES (1070744, 0, 62234, 0, 0, 0, 1, NULL, 0, 0, 0);
REPLACE INTO `npc_vendor` VALUES (1070744, 0, 19293, 0, 0, 0, 1, NULL, 0, 0, 0);
REPLACE INTO `npc_vendor` VALUES (1070744, 0, 76393, 0, 0, 0, 1, NULL, 0, 0, 0);
REPLACE INTO `npc_vendor` VALUES (1070744, 0, 6651, 0, 0, 0, 1, NULL, 0, 0, 0);
REPLACE INTO `npc_vendor` VALUES (1070744, 0, 3335, 0, 0, 0, 1, NULL, 0, 0, 0);
REPLACE INTO `npc_vendor` VALUES (1070744, 0, 15906, 0, 0, 0, 1, NULL, 0, 0, 0);
REPLACE INTO `npc_vendor` VALUES (1070744, 0, 22266, 0, 0, 0, 1, NULL, 0, 0, 0);
REPLACE INTO `npc_vendor` VALUES (1070744, 0, 13004, 0, 0, 0, 1, NULL, 0, 0, 0);
REPLACE INTO `npc_vendor` VALUES (1070744, 0, 28539, 0, 0, 0, 1, NULL, 0, 0, 0);
REPLACE INTO `npc_vendor` VALUES (1070744, 0, 119207, 0, 0, 0, 1, NULL, 0, 0, 0);
REPLACE INTO `npc_vendor` VALUES (1070744, 0, 118568, 0, 0, 0, 1, NULL, 0, 0, 0);
REPLACE INTO `npc_vendor` VALUES (1070744, 0, 118563, 0, 0, 0, 1, NULL, 0, 0, 0);
REPLACE INTO `npc_vendor` VALUES (1070744, 0, 114979, 0, 0, 0, 1, NULL, 0, 0, 0);
REPLACE INTO `npc_vendor` VALUES (1070744, 0, 118560, 0, 0, 0, 1, NULL, 0, 0, 0);
REPLACE INTO `npc_vendor` VALUES (1070744, 0, 118559, 0, 0, 0, 1, NULL, 0, 0, 0);
REPLACE INTO `npc_vendor` VALUES (1070744, 0, 118562, 0, 0, 0, 1, NULL, 0, 0, 0);
REPLACE INTO `npc_vendor` VALUES (1070744, 0, 116825, 0, 0, 0, 1, NULL, 0, 0, 0);
REPLACE INTO `npc_vendor` VALUES (1070744, 0, 163561, 0, 0, 0, 1, NULL, 0, 0, 0);
REPLACE INTO `npc_vendor` VALUES (1070744, 0, 118102, 0, 0, 0, 1, NULL, 0, 0, 0);
REPLACE INTO `npc_vendor` VALUES (1070744, 0, 7608, 0, 0, 0, 1, NULL, 0, 0, 0);
REPLACE INTO `npc_vendor` VALUES (1070744, 0, 9627, 0, 0, 0, 1, NULL, 0, 0, 0);
REPLACE INTO `npc_vendor` VALUES (1070744, 0, 5323, 0, 0, 0, 1, NULL, 0, 0, 0);
REPLACE INTO `npc_vendor` VALUES (1070744, 0, 3451, 0, 0, 0, 1, NULL, 0, 0, 0);
REPLACE INTO `npc_vendor` VALUES (1070744, 0, 5611, 0, 0, 0, 1, NULL, 0, 0, 0);
REPLACE INTO `npc_vendor` VALUES (1070744, 0, 45067, 0, 0, 0, 1, NULL, 0, 0, 0);
REPLACE INTO `npc_vendor` VALUES (1070744, 0, 44678, 0, 0, 0, 1, NULL, 0, 0, 0);
REPLACE INTO `npc_vendor` VALUES (1070744, 0, 60715, 0, 0, 0, 1, NULL, 0, 0, 0);
REPLACE INTO `npc_vendor` VALUES (1070744, 0, 57848, 0, 0, 0, 1, NULL, 0, 0, 0);
REPLACE INTO `npc_vendor` VALUES (1070744, 0, 79333, 0, 0, 0, 1, NULL, 0, 0, 0);
REPLACE INTO `npc_vendor` VALUES (1070744, 0, 53446, 0, 0, 0, 1, NULL, 0, 0, 0);
REPLACE INTO `npc_vendor` VALUES (1070744, 0, 170201, 0, 0, 0, 1, NULL, 0, 0, 0);
REPLACE INTO `npc_vendor` VALUES (1070744, 0, 169155, 0, 0, 0, 1, NULL, 0, 0, 0);
REPLACE INTO `npc_vendor` VALUES (1070743, 0, 147374, 0, 0, 0, 1, NULL, 0, 0, 0);
REPLACE INTO `npc_vendor` VALUES (1070743, 0, 147377, 0, 0, 0, 1, NULL, 0, 0, 0);
REPLACE INTO `npc_vendor` VALUES (1070743, 0, 45178, 0, 0, 0, 1, NULL, 0, 0, 0);
REPLACE INTO `npc_vendor` VALUES (1070743, 0, 8177, 0, 0, 0, 1, NULL, 0, 0, 0);
REPLACE INTO `npc_vendor` VALUES (1070743, 0, 45179, 0, 0, 0, 1, NULL, 0, 0, 0);
REPLACE INTO `npc_vendor` VALUES (1070743, 0, 45061, 0, 0, 0, 1, NULL, 0, 0, 0);
REPLACE INTO `npc_vendor` VALUES (1070743, 0, 45177, 0, 0, 0, 1, NULL, 0, 0, 0);
REPLACE INTO `npc_vendor` VALUES (1070743, 0, 45176, 0, 0, 0, 1, NULL, 0, 0, 0);
REPLACE INTO `npc_vendor` VALUES (1070742, 0, 9908, 0, 0, 0, 1, NULL, 0, 0, 0);
REPLACE INTO `npc_vendor` VALUES (1070742, 0, 7436, 0, 0, 0, 1, NULL, 0, 0, 0);
REPLACE INTO `npc_vendor` VALUES (1070742, 0, 28653, 0, 0, 0, 1, NULL, 0, 0, 0);
REPLACE INTO `npc_vendor` VALUES (1070742, 0, 36409, 0, 0, 0, 1, NULL, 0, 0, 0);
REPLACE INTO `npc_vendor` VALUES (1070742, 0, 7056, 0, 0, 0, 1, NULL, 0, 0, 0);
REPLACE INTO `npc_vendor` VALUES (1070742, 0, 18743, 0, 0, 0, 1, NULL, 0, 0, 0);
REPLACE INTO `npc_vendor` VALUES (1070742, 0, 40353, 0, 0, 0, 1, NULL, 0, 0, 0);
REPLACE INTO `npc_vendor` VALUES (1070742, 0, 39675, 0, 0, 0, 1, NULL, 0, 0, 0);
REPLACE INTO `npc_vendor` VALUES (1070742, 0, 37756, 0, 0, 0, 1, NULL, 0, 0, 0);
REPLACE INTO `npc_vendor` VALUES (1070742, 0, 38758, 0, 0, 0, 1, NULL, 0, 0, 0);
REPLACE INTO `npc_vendor` VALUES (1070742, 0, 58908, 0, 0, 0, 1, NULL, 0, 0, 0);
REPLACE INTO `npc_vendor` VALUES (1070742, 0, 61543, 0, 0, 0, 1, NULL, 0, 0, 0);
REPLACE INTO `npc_vendor` VALUES (1070742, 0, 39673, 0, 0, 0, 1, NULL, 0, 0, 0);
REPLACE INTO `npc_vendor` VALUES (1070742, 0, 39807, 0, 0, 0, 1, NULL, 0, 0, 0);
REPLACE INTO `npc_vendor` VALUES (1070742, 0, 26017, 0, 0, 0, 1, NULL, 0, 0, 0);
REPLACE INTO `npc_vendor` VALUES (1070742, 0, 4958, 0, 0, 0, 1, NULL, 0, 0, 0);
REPLACE INTO `npc_vendor` VALUES (1070742, 0, 5444, 0, 0, 0, 1, NULL, 0, 0, 0);
REPLACE INTO `npc_vendor` VALUES (1070742, 0, 3070, 0, 0, 0, 1, NULL, 0, 0, 0);
REPLACE INTO `npc_vendor` VALUES (1070742, 0, 4114, 0, 0, 0, 1, NULL, 0, 0, 0);
REPLACE INTO `npc_vendor` VALUES (1070742, 0, 9959, 0, 0, 0, 1, NULL, 0, 0, 0);
REPLACE INTO `npc_vendor` VALUES (1070742, 0, 56408, 0, 0, 0, 1, NULL, 0, 0, 0);
REPLACE INTO `npc_vendor` VALUES (1070742, 0, 14044, 0, 0, 0, 1, NULL, 0, 0, 0);
REPLACE INTO `npc_vendor` VALUES (1070742, 0, 14430, 0, 0, 0, 1, NULL, 0, 0, 0);
REPLACE INTO `npc_vendor` VALUES (1070742, 0, 37796, 0, 0, 0, 1, NULL, 0, 0, 0);
REPLACE INTO `npc_vendor` VALUES (1070742, 0, 57852, 0, 0, 0, 1, NULL, 0, 0, 0);
REPLACE INTO `npc_vendor` VALUES (1070742, 0, 10249, 0, 0, 0, 1, NULL, 0, 0, 0);
REPLACE INTO `npc_vendor` VALUES (1070742, 0, 19907, 0, 0, 0, 1, NULL, 0, 0, 0);
REPLACE INTO `npc_vendor` VALUES (1070742, 0, 59403, 0, 0, 0, 1, NULL, 0, 0, 0);
REPLACE INTO `npc_vendor` VALUES (1070742, 0, 67220, 0, 0, 0, 1, NULL, 0, 0, 0);
REPLACE INTO `npc_vendor` VALUES (1070742, 0, 14563, 0, 0, 0, 1, NULL, 0, 0, 0);
REPLACE INTO `npc_vendor` VALUES (1070742, 0, 17739, 0, 0, 0, 1, NULL, 0, 0, 0);
REPLACE INTO `npc_vendor` VALUES (1070742, 0, 18461, 0, 0, 0, 1, NULL, 0, 0, 0);
REPLACE INTO `npc_vendor` VALUES (1070742, 0, 34659, 0, 0, 0, 1, NULL, 0, 0, 0);
REPLACE INTO `npc_vendor` VALUES (1070742, 0, 7276, 0, 0, 0, 1, NULL, 0, 0, 0);
REPLACE INTO `npc_vendor` VALUES (1070742, 0, 3719, 0, 0, 0, 1, NULL, 0, 0, 0);
REPLACE INTO `npc_vendor` VALUES (1070742, 0, 5387, 0, 0, 0, 1, NULL, 0, 0, 0);
REPLACE INTO `npc_vendor` VALUES (1070742, 0, 4674, 0, 0, 0, 1, NULL, 0, 0, 0);
REPLACE INTO `npc_vendor` VALUES (1070742, 0, 4772, 0, 0, 0, 1, NULL, 0, 0, 0);
REPLACE INTO `npc_vendor` VALUES (1070742, 0, 3322, 0, 0, 0, 1, NULL, 0, 0, 0);
REPLACE INTO `npc_vendor` VALUES (1070742, 0, 68759, 0, 0, 0, 1, NULL, 0, 0, 0);
REPLACE INTO `npc_vendor` VALUES (1070742, 0, 5314, 0, 0, 0, 1, NULL, 0, 0, 0);
REPLACE INTO `npc_vendor` VALUES (1070742, 0, 166548, 0, 0, 0, 1, NULL, 0, 0, 0);
REPLACE INTO `npc_vendor` VALUES (1070742, 0, 166547, 0, 0, 0, 1, NULL, 0, 0, 0);
REPLACE INTO `npc_vendor` VALUES (1070742, 0, 55316, 0, 0, 0, 1, NULL, 0, 0, 0);
REPLACE INTO `npc_vendor` VALUES (1070742, 0, 155311, 0, 0, 0, 1, NULL, 0, 0, 0);
REPLACE INTO `npc_vendor` VALUES (1070742, 0, 121890, 0, 0, 0, 1, NULL, 0, 0, 0);
REPLACE INTO `npc_vendor` VALUES (1070742, 0, 155091, 0, 0, 0, 1, NULL, 0, 0, 0);
REPLACE INTO `npc_vendor` VALUES (1070742, 0, 134158, 0, 0, 0, 1, NULL, 0, 0, 0);
REPLACE INTO `npc_vendor` VALUES (1070742, 0, 165792, 0, 0, 0, 1, NULL, 0, 0, 0);
REPLACE INTO `npc_vendor` VALUES (1070742, 0, 163355, 0, 0, 0, 1, NULL, 0, 0, 0);
REPLACE INTO `npc_vendor` VALUES (1070742, 0, 166549, 0, 0, 0, 1, NULL, 0, 0, 0);
REPLACE INTO `npc_vendor` VALUES (1070742, 0, 155884, 0, 0, 0, 1, NULL, 0, 0, 0);
REPLACE INTO `npc_vendor` VALUES (1070742, 0, 129090, 0, 0, 0, 1, NULL, 0, 0, 0);
REPLACE INTO `npc_vendor` VALUES (1070742, 0, 163312, 0, 0, 0, 1, NULL, 0, 0, 0);
REPLACE INTO `npc_vendor` VALUES (1070742, 0, 158583, 0, 0, 0, 1, NULL, 0, 0, 0);
REPLACE INTO `npc_vendor` VALUES (1070742, 0, 163360, 0, 0, 0, 1, NULL, 0, 0, 0);
REPLACE INTO `npc_vendor` VALUES (1070741, 0, 10048, 0, 0, 0, 1, NULL, 0, 0, 0);
REPLACE INTO `npc_vendor` VALUES (1070741, 0, 31306, 0, 0, 0, 1, NULL, 0, 0, 0);
REPLACE INTO `npc_vendor` VALUES (1070741, 0, 31343, 0, 0, 0, 1, NULL, 0, 0, 0);
REPLACE INTO `npc_vendor` VALUES (1070741, 0, 22085, 0, 0, 0, 1, NULL, 0, 0, 0);
REPLACE INTO `npc_vendor` VALUES (1070741, 0, 78206, 0, 0, 0, 1, NULL, 0, 0, 0);
REPLACE INTO `npc_vendor` VALUES (1070741, 0, 14462, 0, 0, 0, 1, NULL, 0, 0, 0);
REPLACE INTO `npc_vendor` VALUES (1070741, 0, 14305, 0, 0, 0, 1, NULL, 0, 0, 0);
REPLACE INTO `npc_vendor` VALUES (1070741, 0, 14324, 0, 0, 0, 1, NULL, 0, 0, 0);
REPLACE INTO `npc_vendor` VALUES (1070741, 0, 14315, 0, 0, 0, 1, NULL, 0, 0, 0);
REPLACE INTO `npc_vendor` VALUES (1070741, 0, 29345, 0, 0, 0, 1, NULL, 0, 0, 0);
REPLACE INTO `npc_vendor` VALUES (1070741, 0, 10047, 0, 0, 0, 1, NULL, 0, 0, 0);
REPLACE INTO `npc_vendor` VALUES (1070741, 0, 30929, 0, 0, 0, 1, NULL, 0, 0, 0);
REPLACE INTO `npc_vendor` VALUES (1070741, 0, 19895, 0, 0, 0, 1, NULL, 0, 0, 0);
REPLACE INTO `npc_vendor` VALUES (1070741, 0, 37283, 0, 0, 0, 1, NULL, 0, 0, 0);
REPLACE INTO `npc_vendor` VALUES (1070741, 0, 9402, 0, 0, 0, 1, NULL, 0, 0, 0);
REPLACE INTO `npc_vendor` VALUES (1070741, 0, 9474, 0, 0, 0, 1, NULL, 0, 0, 0);
REPLACE INTO `npc_vendor` VALUES (1070741, 0, 7760, 0, 0, 0, 1, NULL, 0, 0, 0);
REPLACE INTO `npc_vendor` VALUES (1070741, 0, 153, 0, 0, 0, 1, NULL, 0, 0, 0);
REPLACE INTO `npc_vendor` VALUES (1070741, 0, 127306, 0, 0, 0, 1, NULL, 0, 0, 0);
REPLACE INTO `npc_vendor` VALUES (1070741, 0, 134764, 0, 0, 0, 1, NULL, 0, 0, 0);
REPLACE INTO `npc_vendor` VALUES (1070741, 0, 51019, 0, 0, 0, 1, NULL, 0, 0, 0);
REPLACE INTO `npc_vendor` VALUES (1070741, 0, 49900, 0, 0, 0, 1, NULL, 0, 0, 0);
REPLACE INTO `npc_vendor` VALUES (1070741, 0, 34656, 0, 0, 0, 1, NULL, 0, 0, 0);
REPLACE INTO `npc_vendor` VALUES (1070740, 0, 10045, 0, 0, 0, 1, NULL, 0, 0, 0);
REPLACE INTO `npc_vendor` VALUES (1070740, 1, 44, 0, 0, 0, 1, NULL, 0, 0, 0);
REPLACE INTO `npc_vendor` VALUES (1070740, 2, 4343, 0, 0, 0, 1, NULL, 0, 0, 0);
REPLACE INTO `npc_vendor` VALUES (1070740, 3, 20894, 0, 0, 0, 1, NULL, 0, 0, 0);
REPLACE INTO `npc_vendor` VALUES (1070740, 4, 6124, 0, 0, 0, 1, NULL, 0, 0, 0);
REPLACE INTO `npc_vendor` VALUES (1070740, 5, 6118, 0, 0, 0, 1, NULL, 0, 0, 0);
REPLACE INTO `npc_vendor` VALUES (1070740, 6, 10009, 0, 0, 0, 1, NULL, 0, 0, 0);
REPLACE INTO `npc_vendor` VALUES (1070740, 7, 7469, 0, 0, 0, 1, NULL, 0, 0, 0);
REPLACE INTO `npc_vendor` VALUES (1070740, 8, 30517, 0, 0, 0, 1, NULL, 0, 0, 0);
REPLACE INTO `npc_vendor` VALUES (1070740, 9, 10177, 0, 0, 0, 1, NULL, 0, 0, 0);
REPLACE INTO `npc_vendor` VALUES (1070740, 10, 57571, 0, 0, 0, 1, NULL, 0, 0, 0);
REPLACE INTO `npc_vendor` VALUES (1070740, 11, 62883, 0, 0, 0, 1, NULL, 0, 0, 0);
REPLACE INTO `npc_vendor` VALUES (1070740, 12, 24682, 0, 0, 0, 1, NULL, 0, 0, 0);
REPLACE INTO `npc_vendor` VALUES (1070740, 13, 14370, 0, 0, 0, 1, NULL, 0, 0, 0);
REPLACE INTO `npc_vendor` VALUES (1070740, 14, 14125, 0, 0, 0, 1, NULL, 0, 0, 0);
REPLACE INTO `npc_vendor` VALUES (1070740, 15, 194, 0, 0, 0, 1, NULL, 0, 0, 0);
REPLACE INTO `npc_vendor` VALUES (1070740, 16, 14090, 0, 0, 0, 1, NULL, 0, 0, 0);
REPLACE INTO `npc_vendor` VALUES (1070740, 17, 24108, 0, 0, 0, 1, NULL, 0, 0, 0);
REPLACE INTO `npc_vendor` VALUES (1070740, 18, 121933, 0, 0, 0, 1, NULL, 0, 0, 0);
REPLACE INTO `npc_vendor` VALUES (1070740, 19, 15431, 0, 0, 0, 1, NULL, 0, 0, 0);
REPLACE INTO `npc_vendor` VALUES (1070740, 20, 57218, 0, 0, 0, 1, NULL, 0, 0, 0);
REPLACE INTO `npc_vendor` VALUES (1070740, 21, 57551, 0, 0, 0, 1, NULL, 0, 0, 0);
REPLACE INTO `npc_vendor` VALUES (1070740, 22, 52883, 0, 0, 0, 1, NULL, 0, 0, 0);
REPLACE INTO `npc_vendor` VALUES (1070740, 23, 52948, 0, 0, 0, 1, NULL, 0, 0, 0);
REPLACE INTO `npc_vendor` VALUES (1070740, 24, 9756, 0, 0, 0, 1, NULL, 0, 0, 0);
REPLACE INTO `npc_vendor` VALUES (1070740, 25, 52545, 0, 0, 0, 1, NULL, 0, 0, 0);
REPLACE INTO `npc_vendor` VALUES (1070740, 26, 4970, 0, 0, 0, 1, NULL, 0, 0, 0);
REPLACE INTO `npc_vendor` VALUES (1070740, 27, 15151, 0, 0, 0, 1, NULL, 0, 0, 0);
REPLACE INTO `npc_vendor` VALUES (1070740, 28, 15017, 0, 0, 0, 1, NULL, 0, 0, 0);
REPLACE INTO `npc_vendor` VALUES (1070740, 29, 798, 0, 0, 0, 1, NULL, 0, 0, 0);
REPLACE INTO `npc_vendor` VALUES (1070740, 30, 2974, 0, 0, 0, 1, NULL, 0, 0, 0);
REPLACE INTO `npc_vendor` VALUES (1070740, 31, 6587, 0, 0, 0, 1, NULL, 0, 0, 0);
REPLACE INTO `npc_vendor` VALUES (1070740, 32, 52602, 0, 0, 0, 1, NULL, 0, 0, 0);
REPLACE INTO `npc_vendor` VALUES (1070740, 33, 59555, 0, 0, 0, 1, NULL, 0, 0, 0);
REPLACE INTO `npc_vendor` VALUES (1070740, 34, 49515, 0, 0, 0, 1, NULL, 0, 0, 0);
REPLACE INTO `npc_vendor` VALUES (1070740, 35, 52551, 0, 0, 0, 1, NULL, 0, 0, 0);
REPLACE INTO `npc_vendor` VALUES (1070740, 36, 49269, 0, 0, 0, 1, NULL, 0, 0, 0);
REPLACE INTO `npc_vendor` VALUES (1070740, 37, 6126, 0, 0, 0, 1, NULL, 0, 0, 0);
REPLACE INTO `npc_vendor` VALUES (1070740, 38, 9772, 0, 0, 0, 1, NULL, 0, 0, 0);
REPLACE INTO `npc_vendor` VALUES (1070740, 39, 9600, 0, 0, 0, 1, NULL, 0, 0, 0);
REPLACE INTO `npc_vendor` VALUES (1070740, 40, 4831, 0, 0, 0, 1, NULL, 0, 0, 0);
REPLACE INTO `npc_vendor` VALUES (1070740, 41, 7280, 0, 0, 0, 1, NULL, 0, 0, 0);
REPLACE INTO `npc_vendor` VALUES (1070740, 42, 15303, 0, 0, 0, 1, NULL, 0, 0, 0);
REPLACE INTO `npc_vendor` VALUES (1070740, 43, 15117, 0, 0, 0, 1, NULL, 0, 0, 0);
REPLACE INTO `npc_vendor` VALUES (1070740, 44, 31434, 0, 0, 0, 1, NULL, 0, 0, 0);
REPLACE INTO `npc_vendor` VALUES (1070740, 45, 9808, 0, 0, 0, 1, NULL, 0, 0, 0);
REPLACE INTO `npc_vendor` VALUES (1070740, 46, 9893, 0, 0, 0, 1, NULL, 0, 0, 0);
REPLACE INTO `npc_vendor` VALUES (1070740, 47, 59780, 0, 0, 0, 1, NULL, 0, 0, 0);
REPLACE INTO `npc_vendor` VALUES (1070740, 48, 55683, 0, 0, 0, 1, NULL, 0, 0, 0);
REPLACE INTO `npc_vendor` VALUES (1070740, 49, 61417, 0, 0, 0, 1, NULL, 0, 0, 0);
REPLACE INTO `npc_vendor` VALUES (1070740, 50, 53233, 0, 0, 0, 1, NULL, 0, 0, 0);
REPLACE INTO `npc_vendor` VALUES (1070740, 51, 55892, 0, 0, 0, 1, NULL, 0, 0, 0);
REPLACE INTO `npc_vendor` VALUES (1070740, 52, 54943, 0, 0, 0, 1, NULL, 0, 0, 0);
REPLACE INTO `npc_vendor` VALUES (1070740, 53, 154851, 0, 0, 0, 1, NULL, 0, 0, 0);
REPLACE INTO `npc_vendor` VALUES (1070740, 54, 63783, 0, 0, 0, 1, NULL, 0, 0, 0);
REPLACE INTO `npc_vendor` VALUES (1070740, 55, 65854, 0, 0, 0, 1, NULL, 0, 0, 0);
REPLACE INTO `npc_vendor` VALUES (1070740, 56, 158253, 0, 0, 0, 1, NULL, 0, 0, 0);
REPLACE INTO `npc_vendor` VALUES (1070740, 57, 67190, 0, 0, 0, 1, NULL, 0, 0, 0);
REPLACE INTO `npc_vendor` VALUES (1070740, 58, 64589, 0, 0, 0, 1, NULL, 0, 0, 0);
REPLACE INTO `npc_vendor` VALUES (1070740, 59, 64630, 0, 0, 0, 1, NULL, 0, 0, 0);
REPLACE INTO `npc_vendor` VALUES (1070740, 60, 63156, 0, 0, 0, 1, NULL, 0, 0, 0);
REPLACE INTO `npc_vendor` VALUES (1070740, 61, 63220, 0, 0, 0, 1, NULL, 0, 0, 0);
REPLACE INTO `npc_vendor` VALUES (1070740, 62, 65310, 0, 0, 0, 1, NULL, 0, 0, 0);
REPLACE INTO `npc_vendor` VALUES (1070740, 63, 15312, 0, 0, 0, 1, NULL, 0, 0, 0);
REPLACE INTO `npc_vendor` VALUES (1070740, 64, 15009, 0, 0, 0, 1, NULL, 0, 0, 0);
REPLACE INTO `npc_vendor` VALUES (1070740, 65, 5016, 0, 0, 0, 1, NULL, 0, 0, 0);
REPLACE INTO `npc_vendor` VALUES (1070740, 66, 55894, 0, 0, 0, 1, NULL, 0, 0, 0);
REPLACE INTO `npc_vendor` VALUES (1070740, 67, 61578, 0, 0, 0, 1, NULL, 0, 0, 0);
REPLACE INTO `npc_vendor` VALUES (1070740, 68, 54924, 0, 0, 0, 1, NULL, 0, 0, 0);
REPLACE INTO `npc_vendor` VALUES (1070740, 69, 2418, 0, 0, 0, 1, NULL, 0, 0, 0);
REPLACE INTO `npc_vendor` VALUES (1070740, 70, 4800, 0, 0, 0, 1, NULL, 0, 0, 0);
REPLACE INTO `npc_vendor` VALUES (1070740, 71, 24883, 0, 0, 0, 1, NULL, 0, 0, 0);
REPLACE INTO `npc_vendor` VALUES (1070740, 72, 10423, 0, 0, 0, 1, NULL, 0, 0, 0);
REPLACE INTO `npc_vendor` VALUES (1070740, 73, 2166, 0, 0, 0, 1, NULL, 0, 0, 0);
REPLACE INTO `npc_vendor` VALUES (1070740, 74, 16523, 0, 0, 0, 1, NULL, 0, 0, 0);
REPLACE INTO `npc_vendor` VALUES (1070740, 75, 27773, 0, 0, 0, 1, NULL, 0, 0, 0);
REPLACE INTO `npc_vendor` VALUES (1070740, 76, 24875, 0, 0, 0, 1, NULL, 0, 0, 0);
REPLACE INTO `npc_vendor` VALUES (1070740, 77, 19402, 0, 0, 0, 1, NULL, 0, 0, 0);
REPLACE INTO `npc_vendor` VALUES (1070740, 78, 30960, 0, 0, 0, 1, NULL, 0, 0, 0);
REPLACE INTO `npc_vendor` VALUES (1070740, 79, 94036, 0, 0, 0, 1, NULL, 0, 0, 0);
REPLACE INTO `npc_vendor` VALUES (1070740, 80, 30069, 0, 0, 0, 1, NULL, 0, 0, 0);
REPLACE INTO `npc_vendor` VALUES (1070740, 81, 25511, 0, 0, 0, 1, NULL, 0, 0, 0);
REPLACE INTO `npc_vendor` VALUES (1070740, 82, 19694, 0, 0, 0, 1, NULL, 0, 0, 0);
REPLACE INTO `npc_vendor` VALUES (1070740, 83, 10208, 0, 0, 0, 1, NULL, 0, 0, 0);
REPLACE INTO `npc_vendor` VALUES (1070740, 84, 36368, 0, 0, 0, 1, NULL, 0, 0, 0);
REPLACE INTO `npc_vendor` VALUES (1070740, 85, 40958, 0, 0, 0, 1, NULL, 0, 0, 0);
REPLACE INTO `npc_vendor` VALUES (1070740, 86, 61568, 0, 0, 0, 1, NULL, 0, 0, 0);
REPLACE INTO `npc_vendor` VALUES (1070740, 87, 39263, 0, 0, 0, 1, NULL, 0, 0, 0);
REPLACE INTO `npc_vendor` VALUES (1070740, 88, 40201, 0, 0, 0, 1, NULL, 0, 0, 0);
REPLACE INTO `npc_vendor` VALUES (1070740, 89, 37695, 0, 0, 0, 1, NULL, 0, 0, 0);
REPLACE INTO `npc_vendor` VALUES (1070740, 90, 77043, 0, 0, 0, 1, NULL, 0, 0, 0);
REPLACE INTO `npc_vendor` VALUES (1070740, 91, 78813, 0, 0, 0, 1, NULL, 0, 0, 0);
REPLACE INTO `npc_vendor` VALUES (1070740, 92, 78711, 0, 0, 0, 1, NULL, 0, 0, 0);
REPLACE INTO `npc_vendor` VALUES (1070740, 93, 162916, 0, 0, 0, 1, NULL, 0, 0, 0);
REPLACE INTO `npc_vendor` VALUES (1070740, 94, 154863, 0, 0, 0, 1, NULL, 0, 0, 0);
REPLACE INTO `npc_vendor` VALUES (1070740, 95, 158252, 0, 0, 0, 1, NULL, 0, 0, 0);
REPLACE INTO `npc_vendor` VALUES (1070740, 96, 160365, 0, 0, 0, 1, NULL, 0, 0, 0);
REPLACE INTO `npc_vendor` VALUES (1070740, 97, 119555, 0, 0, 0, 1, NULL, 0, 0, 0);
REPLACE INTO `npc_vendor` VALUES (1070740, 98, 109817, 0, 0, 0, 1, NULL, 0, 0, 0);
REPLACE INTO `npc_vendor` VALUES (1070740, 99, 87137, 0, 0, 0, 1, NULL, 0, 0, 0);
REPLACE INTO `npc_vendor` VALUES (1070739, 0, 2585, 0, 0, 0, 1, NULL, 0, 0, 0);
REPLACE INTO `npc_vendor` VALUES (1070739, 0, 38318, 0, 0, 0, 1, NULL, 0, 0, 0);
REPLACE INTO `npc_vendor` VALUES (1070739, 0, 6144, 0, 0, 0, 1, NULL, 0, 0, 0);
REPLACE INTO `npc_vendor` VALUES (1070739, 0, 6511, 0, 0, 0, 1, NULL, 0, 0, 0);
REPLACE INTO `npc_vendor` VALUES (1070739, 0, 14172, 0, 0, 0, 1, NULL, 0, 0, 0);
REPLACE INTO `npc_vendor` VALUES (1070739, 0, 57, 0, 0, 0, 1, NULL, 0, 0, 0);
REPLACE INTO `npc_vendor` VALUES (1070739, 0, 6241, 0, 0, 0, 1, NULL, 0, 0, 0);
REPLACE INTO `npc_vendor` VALUES (1070739, 0, 56, 0, 0, 0, 1, NULL, 0, 0, 0);
REPLACE INTO `npc_vendor` VALUES (1070739, 0, 6140, 0, 0, 0, 1, NULL, 0, 0, 0);
REPLACE INTO `npc_vendor` VALUES (1070739, 0, 20892, 0, 0, 0, 1, NULL, 0, 0, 0);
REPLACE INTO `npc_vendor` VALUES (1070739, 0, 20893, 0, 0, 0, 1, NULL, 0, 0, 0);
REPLACE INTO `npc_vendor` VALUES (1070739, 0, 20891, 0, 0, 0, 1, NULL, 0, 0, 0);
REPLACE INTO `npc_vendor` VALUES (1070739, 0, 23322, 0, 0, 0, 1, NULL, 0, 0, 0);
REPLACE INTO `npc_vendor` VALUES (1070739, 0, 24647, 0, 0, 0, 1, NULL, 0, 0, 0);
REPLACE INTO `npc_vendor` VALUES (1070739, 0, 23479, 0, 0, 0, 1, NULL, 0, 0, 0);
REPLACE INTO `npc_vendor` VALUES (1070739, 0, 52538, 0, 0, 0, 1, NULL, 0, 0, 0);
REPLACE INTO `npc_vendor` VALUES (1070739, 0, 2617, 0, 0, 0, 1, NULL, 0, 0, 0);
REPLACE INTO `npc_vendor` VALUES (1070739, 0, 2616, 0, 0, 0, 1, NULL, 0, 0, 0);
REPLACE INTO `npc_vendor` VALUES (1070739, 0, 2981, 0, 0, 0, 1, NULL, 0, 0, 0);
REPLACE INTO `npc_vendor` VALUES (1070739, 0, 2615, 0, 0, 0, 1, NULL, 0, 0, 0);
REPLACE INTO `npc_vendor` VALUES (1070739, 0, 3069, 0, 0, 0, 1, NULL, 0, 0, 0);
REPLACE INTO `npc_vendor` VALUES (1070739, 0, 49408, 0, 0, 0, 1, NULL, 0, 0, 0);
REPLACE INTO `npc_vendor` VALUES (1070739, 0, 49399, 0, 0, 0, 1, NULL, 0, 0, 0);
REPLACE INTO `npc_vendor` VALUES (1070739, 0, 49403, 0, 0, 0, 1, NULL, 0, 0, 0);
REPLACE INTO `npc_vendor` VALUES (1070739, 0, 52553, 0, 0, 0, 1, NULL, 0, 0, 0);
REPLACE INTO `npc_vendor` VALUES (1070739, 0, 9826, 0, 0, 0, 1, NULL, 0, 0, 0);
REPLACE INTO `npc_vendor` VALUES (1070739, 0, 14225, 0, 0, 0, 1, NULL, 0, 0, 0);
REPLACE INTO `npc_vendor` VALUES (1070739, 0, 14265, 0, 0, 0, 1, NULL, 0, 0, 0);
REPLACE INTO `npc_vendor` VALUES (1070739, 0, 9943, 0, 0, 0, 1, NULL, 0, 0, 0);
REPLACE INTO `npc_vendor` VALUES (1070739, 0, 1716, 0, 0, 0, 1, NULL, 0, 0, 0);
REPLACE INTO `npc_vendor` VALUES (1070739, 0, 13535, 0, 0, 0, 1, NULL, 0, 0, 0);
REPLACE INTO `npc_vendor` VALUES (1070739, 0, 14340, 0, 0, 0, 1, NULL, 0, 0, 0);
REPLACE INTO `npc_vendor` VALUES (1070739, 0, 31297, 0, 0, 0, 1, NULL, 0, 0, 0);
REPLACE INTO `npc_vendor` VALUES (1070739, 0, 25595, 0, 0, 0, 1, NULL, 0, 0, 0);
REPLACE INTO `npc_vendor` VALUES (1070739, 0, 6654, 0, 0, 0, 1, NULL, 0, 0, 0);
REPLACE INTO `npc_vendor` VALUES (1070739, 0, 52546, 0, 0, 0, 1, NULL, 0, 0, 0);
REPLACE INTO `npc_vendor` VALUES (1070739, 0, 52547, 0, 0, 0, 1, NULL, 0, 0, 0);
REPLACE INTO `npc_vendor` VALUES (1070739, 0, 52543, 0, 0, 0, 1, NULL, 0, 0, 0);
REPLACE INTO `npc_vendor` VALUES (1070739, 0, 14120, 0, 0, 0, 1, NULL, 0, 0, 0);
REPLACE INTO `npc_vendor` VALUES (1070739, 0, 166831, 0, 0, 0, 1, NULL, 0, 0, 0);
REPLACE INTO `npc_vendor` VALUES (1070739, 0, 116795, 0, 0, 0, 1, NULL, 0, 0, 0);
REPLACE INTO `npc_vendor` VALUES (1070739, 0, 118735, 0, 0, 0, 1, NULL, 0, 0, 0);
REPLACE INTO `npc_vendor` VALUES (1070739, 0, 106609, 0, 0, 0, 1, NULL, 0, 0, 0);
REPLACE INTO `npc_vendor` VALUES (1070739, 0, 53592, 0, 0, 0, 1, NULL, 0, 0, 0);
REPLACE INTO `npc_vendor` VALUES (1070739, 0, 67158, 0, 0, 0, 1, NULL, 0, 0, 0);
REPLACE INTO `npc_vendor` VALUES (1070739, 0, 17741, 0, 0, 0, 1, NULL, 0, 0, 0);
REPLACE INTO `npc_vendor` VALUES (1070739, 0, 4782, 0, 0, 0, 1, NULL, 0, 0, 0);
REPLACE INTO `npc_vendor` VALUES (1070739, 0, 6538, 0, 0, 0, 1, NULL, 0, 0, 0);
REPLACE INTO `npc_vendor` VALUES (1070739, 0, 6123, 0, 0, 0, 1, NULL, 0, 0, 0);
REPLACE INTO `npc_vendor` VALUES (1070739, 0, 44800, 0, 0, 0, 1, NULL, 0, 0, 0);
REPLACE INTO `npc_vendor` VALUES (1070739, 0, 6527, 0, 0, 0, 1, NULL, 0, 0, 0);
REPLACE INTO `npc_vendor` VALUES (1070739, 0, 14371, 0, 0, 0, 1, NULL, 0, 0, 0);
REPLACE INTO `npc_vendor` VALUES (1070739, 0, 14091, 0, 0, 0, 1, NULL, 0, 0, 0);
REPLACE INTO `npc_vendor` VALUES (1070739, 0, 54486, 0, 0, 0, 1, NULL, 0, 0, 0);
REPLACE INTO `npc_vendor` VALUES (1070739, 0, 54475, 0, 0, 0, 1, NULL, 0, 0, 0);
REPLACE INTO `npc_vendor` VALUES (1070739, 0, 61480, 0, 0, 0, 1, NULL, 0, 0, 0);
REPLACE INTO `npc_vendor` VALUES (1070739, 0, 55721, 0, 0, 0, 1, NULL, 0, 0, 0);
REPLACE INTO `npc_vendor` VALUES (1070739, 0, 9748, 0, 0, 0, 1, NULL, 0, 0, 0);
REPLACE INTO `npc_vendor` VALUES (1070739, 0, 5812, 0, 0, 0, 1, NULL, 0, 0, 0);
REPLACE INTO `npc_vendor` VALUES (1070739, 0, 6119, 0, 0, 0, 1, NULL, 0, 0, 0);
REPLACE INTO `npc_vendor` VALUES (1070739, 0, 11924, 0, 0, 0, 1, NULL, 0, 0, 0);
REPLACE INTO `npc_vendor` VALUES (1070739, 0, 28342, 0, 0, 0, 1, NULL, 0, 0, 0);
REPLACE INTO `npc_vendor` VALUES (1070739, 0, 7468, 0, 0, 0, 1, NULL, 0, 0, 0);
REPLACE INTO `npc_vendor` VALUES (1070739, 0, 6801, 0, 0, 0, 1, NULL, 0, 0, 0);
REPLACE INTO `npc_vendor` VALUES (1070739, 0, 29978, 0, 0, 0, 1, NULL, 0, 0, 0);
REPLACE INTO `npc_vendor` VALUES (1070739, 0, 21861, 0, 0, 0, 1, NULL, 0, 0, 0);
REPLACE INTO `npc_vendor` VALUES (1070739, 0, 133473, 0, 0, 0, 1, NULL, 0, 0, 0);
REPLACE INTO `npc_vendor` VALUES (1070739, 0, 18486, 0, 0, 0, 1, NULL, 0, 0, 0);
REPLACE INTO `npc_vendor` VALUES (1070739, 0, 13346, 0, 0, 0, 1, NULL, 0, 0, 0);
REPLACE INTO `npc_vendor` VALUES (1070739, 0, 13314, 0, 0, 0, 1, NULL, 0, 0, 0);
REPLACE INTO `npc_vendor` VALUES (1070739, 0, 10215, 0, 0, 0, 1, NULL, 0, 0, 0);
REPLACE INTO `npc_vendor` VALUES (1070739, 0, 49517, 0, 0, 0, 1, NULL, 0, 0, 0);
REPLACE INTO `npc_vendor` VALUES (1070739, 0, 6139, 0, 0, 0, 1, NULL, 0, 0, 0);
REPLACE INTO `npc_vendor` VALUES (1070739, 0, 9773, 0, 0, 0, 1, NULL, 0, 0, 0);
REPLACE INTO `npc_vendor` VALUES (1070739, 0, 127302, 0, 0, 0, 1, NULL, 0, 0, 0);
REPLACE INTO `npc_vendor` VALUES (1070739, 0, 116165, 0, 0, 0, 1, NULL, 0, 0, 0);
REPLACE INTO `npc_vendor` VALUES (1070739, 0, 37236, 0, 0, 0, 1, NULL, 0, 0, 0);
REPLACE INTO `npc_vendor` VALUES (1070739, 0, 35677, 0, 0, 0, 1, NULL, 0, 0, 0);
REPLACE INTO `npc_vendor` VALUES (1070739, 0, 124719, 0, 0, 0, 1, NULL, 0, 0, 0);
REPLACE INTO `npc_vendor` VALUES (1070739, 0, 124246, 0, 0, 0, 1, NULL, 0, 0, 0);
REPLACE INTO `npc_vendor` VALUES (1070739, 0, 125198, 0, 0, 0, 1, NULL, 0, 0, 0);
REPLACE INTO `npc_vendor` VALUES (1070739, 0, 125674, 0, 0, 0, 1, NULL, 0, 0, 0);
REPLACE INTO `npc_vendor` VALUES (1070739, 0, 6786, 0, 0, 0, 1, NULL, 0, 0, 0);
REPLACE INTO `npc_vendor` VALUES (1070739, 0, 10053, 0, 0, 0, 1, NULL, 0, 0, 0);
REPLACE INTO `npc_vendor` VALUES (1070739, 0, 151806, 0, 0, 0, 1, NULL, 0, 0, 0);
REPLACE INTO `npc_vendor` VALUES (1070739, 0, 19028, 0, 0, 0, 1, NULL, 0, 0, 0);
REPLACE INTO `npc_vendor` VALUES (1070739, 0, 44785, 0, 0, 0, 1, NULL, 0, 0, 0);
REPLACE INTO `npc_vendor` VALUES (1070739, 0, 33863, 0, 0, 0, 1, NULL, 0, 0, 0);
REPLACE INTO `npc_vendor` VALUES (1070738, 0, 6097, 0, 0, 0, 1, NULL, 0, 0, 0);
REPLACE INTO `npc_vendor` VALUES (1070738, 0, 167226, 0, 0, 0, 1, NULL, 0, 0, 0);
REPLACE INTO `npc_vendor` VALUES (1070738, 0, 98092, 0, 0, 0, 1, NULL, 0, 0, 0);
REPLACE INTO `npc_vendor` VALUES (1070738, 0, 44694, 0, 0, 0, 1, NULL, 0, 0, 0);
REPLACE INTO `npc_vendor` VALUES (1070738, 0, 18231, 0, 0, 0, 1, NULL, 0, 0, 0);
REPLACE INTO `npc_vendor` VALUES (1070738, 0, 144372, 0, 0, 0, 1, NULL, 0, 0, 0);
REPLACE INTO `npc_vendor` VALUES (1070738, 0, 53852, 0, 0, 0, 1, NULL, 0, 0, 0);
REPLACE INTO `npc_vendor` VALUES (1070738, 0, 41253, 0, 0, 0, 1, NULL, 0, 0, 0);
REPLACE INTO `npc_vendor` VALUES (1070738, 0, 41249, 0, 0, 0, 1, NULL, 0, 0, 0);
REPLACE INTO `npc_vendor` VALUES (1070738, 0, 42374, 0, 0, 0, 1, NULL, 0, 0, 0);
REPLACE INTO `npc_vendor` VALUES (1070738, 0, 2577, 0, 0, 0, 1, NULL, 0, 0, 0);
REPLACE INTO `npc_vendor` VALUES (1070738, 0, 4344, 0, 0, 0, 1, NULL, 0, 0, 0);
REPLACE INTO `npc_vendor` VALUES (1070738, 0, 144365, 0, 0, 0, 1, NULL, 0, 0, 0);
REPLACE INTO `npc_vendor` VALUES (1070738, 0, 98081, 0, 0, 0, 1, NULL, 0, 0, 0);
REPLACE INTO `npc_vendor` VALUES (1070738, 0, 5107, 0, 0, 0, 1, NULL, 0, 0, 0);
REPLACE INTO `npc_vendor` VALUES (1070738, 0, 137118, 0, 0, 0, 1, NULL, 0, 0, 0);
REPLACE INTO `npc_vendor` VALUES (1070738, 0, 4335, 0, 0, 0, 1, NULL, 0, 0, 0);
REPLACE INTO `npc_vendor` VALUES (1070738, 0, 4333, 0, 0, 0, 1, NULL, 0, 0, 0);
REPLACE INTO `npc_vendor` VALUES (1070738, 0, 45037, 0, 0, 0, 1, NULL, 0, 0, 0);
REPLACE INTO `npc_vendor` VALUES (1070738, 0, 127, 0, 0, 0, 1, NULL, 0, 0, 0);
REPLACE INTO `npc_vendor` VALUES (1070738, 0, 6136, 0, 0, 0, 1, NULL, 0, 0, 0);
REPLACE INTO `npc_vendor` VALUES (1070738, 0, 859, 0, 0, 0, 1, NULL, 0, 0, 0);
REPLACE INTO `npc_vendor` VALUES (1070738, 0, 42471, 0, 0, 0, 1, NULL, 0, 0, 0);
REPLACE INTO `npc_vendor` VALUES (1070738, 0, 42365, 0, 0, 0, 1, NULL, 0, 0, 0);
REPLACE INTO `npc_vendor` VALUES (1070738, 0, 42373, 0, 0, 0, 1, NULL, 0, 0, 0);
REPLACE INTO `npc_vendor` VALUES (1070738, 0, 42363, 0, 0, 0, 1, NULL, 0, 0, 0);
REPLACE INTO `npc_vendor` VALUES (1070738, 0, 42370, 0, 0, 0, 1, NULL, 0, 0, 0);
REPLACE INTO `npc_vendor` VALUES (1070738, 0, 42361, 0, 0, 0, 1, NULL, 0, 0, 0);
REPLACE INTO `npc_vendor` VALUES (1070738, 0, 42372, 0, 0, 0, 1, NULL, 0, 0, 0);
REPLACE INTO `npc_vendor` VALUES (1070738, 0, 42368, 0, 0, 0, 1, NULL, 0, 0, 0);
REPLACE INTO `npc_vendor` VALUES (1070738, 0, 42369, 0, 0, 0, 1, NULL, 0, 0, 0);
REPLACE INTO `npc_vendor` VALUES (1070738, 0, 42360, 0, 0, 0, 1, NULL, 0, 0, 0);
REPLACE INTO `npc_vendor` VALUES (1070738, 0, 4334, 0, 0, 0, 1, NULL, 0, 0, 0);
REPLACE INTO `npc_vendor` VALUES (1070738, 0, 41251, 0, 0, 0, 1, NULL, 0, 0, 0);
REPLACE INTO `npc_vendor` VALUES (1070738, 0, 42376, 0, 0, 0, 1, NULL, 0, 0, 0);
REPLACE INTO `npc_vendor` VALUES (1070738, 0, 16059, 0, 0, 0, 1, NULL, 0, 0, 0);
REPLACE INTO `npc_vendor` VALUES (1070738, 0, 3428, 0, 0, 0, 1, NULL, 0, 0, 0);
REPLACE INTO `npc_vendor` VALUES (1070738, 0, 16060, 0, 0, 0, 1, NULL, 0, 0, 0);
REPLACE INTO `npc_vendor` VALUES (1070738, 0, 49567, 0, 0, 0, 1, NULL, 0, 0, 0);
REPLACE INTO `npc_vendor` VALUES (1070738, 0, 138385, 0, 0, 0, 1, NULL, 0, 0, 0);
REPLACE INTO `npc_vendor` VALUES (1070738, 0, 49278, 0, 0, 0, 1, NULL, 0, 0, 0);
REPLACE INTO `npc_vendor` VALUES (1070738, 0, 2587, 0, 0, 0, 1, NULL, 0, 0, 0);
REPLACE INTO `npc_vendor` VALUES (1070738, 0, 41255, 0, 0, 0, 1, NULL, 0, 0, 0);
REPLACE INTO `npc_vendor` VALUES (1070738, 0, 17723, 0, 0, 0, 1, NULL, 0, 0, 0);
REPLACE INTO `npc_vendor` VALUES (1070738, 0, 41250, 0, 0, 0, 1, NULL, 0, 0, 0);
REPLACE INTO `npc_vendor` VALUES (1070738, 0, 42375, 0, 0, 0, 1, NULL, 0, 0, 0);
REPLACE INTO `npc_vendor` VALUES (1070738, 0, 2579, 0, 0, 0, 1, NULL, 0, 0, 0);
REPLACE INTO `npc_vendor` VALUES (1070738, 0, 98083, 0, 0, 0, 1, NULL, 0, 0, 0);
REPLACE INTO `npc_vendor` VALUES (1070738, 0, 4332, 0, 0, 0, 1, NULL, 0, 0, 0);
REPLACE INTO `npc_vendor` VALUES (1070738, 0, 24143, 0, 0, 0, 1, NULL, 0, 0, 0);
REPLACE INTO `npc_vendor` VALUES (1070738, 0, 98091, 0, 0, 0, 1, NULL, 0, 0, 0);
REPLACE INTO `npc_vendor` VALUES (1070738, 0, 20901, 0, 0, 0, 1, NULL, 0, 0, 0);
REPLACE INTO `npc_vendor` VALUES (1070738, 0, 23345, 0, 0, 0, 1, NULL, 0, 0, 0);
REPLACE INTO `npc_vendor` VALUES (1070738, 0, 85508, 0, 0, 0, 1, NULL, 0, 0, 0);
REPLACE INTO `npc_vendor` VALUES (1070738, 0, 52548, 0, 0, 0, 1, NULL, 0, 0, 0);
REPLACE INTO `npc_vendor` VALUES (1070738, 0, 167207, 0, 0, 0, 1, NULL, 0, 0, 0);
REPLACE INTO `npc_vendor` VALUES (1070738, 0, 3342, 0, 0, 0, 1, NULL, 0, 0, 0);
REPLACE INTO `npc_vendor` VALUES (1070738, 0, 3426, 0, 0, 0, 1, NULL, 0, 0, 0);
REPLACE INTO `npc_vendor` VALUES (1070738, 0, 45, 0, 0, 0, 1, NULL, 0, 0, 0);
REPLACE INTO `npc_vendor` VALUES (1070738, 0, 6117, 0, 0, 0, 1, NULL, 0, 0, 0);
REPLACE INTO `npc_vendor` VALUES (1070738, 0, 23476, 0, 0, 0, 1, NULL, 0, 0, 0);
REPLACE INTO `npc_vendor` VALUES (1070738, 0, 144370, 0, 0, 0, 1, NULL, 0, 0, 0);
REPLACE INTO `npc_vendor` VALUES (1070738, 0, 11840, 0, 0, 0, 1, NULL, 0, 0, 0);
REPLACE INTO `npc_vendor` VALUES (1070738, 0, 6384, 0, 0, 0, 1, NULL, 0, 0, 0);
REPLACE INTO `npc_vendor` VALUES (1070738, 0, 6385, 0, 0, 0, 1, NULL, 0, 0, 0);
REPLACE INTO `npc_vendor` VALUES (1070738, 0, 3427, 0, 0, 0, 1, NULL, 0, 0, 0);
REPLACE INTO `npc_vendor` VALUES (1070738, 0, 151116, 0, 0, 0, 1, NULL, 0, 0, 0);
REPLACE INTO `npc_vendor` VALUES (1070738, 0, 53, 0, 0, 0, 1, NULL, 0, 0, 0);
REPLACE INTO `npc_vendor` VALUES (1070738, 0, 10052, 0, 0, 0, 1, NULL, 0, 0, 0);
REPLACE INTO `npc_vendor` VALUES (1070738, 0, 10056, 0, 0, 0, 1, NULL, 0, 0, 0);
REPLACE INTO `npc_vendor` VALUES (1070738, 0, 6134, 0, 0, 0, 1, NULL, 0, 0, 0);
REPLACE INTO `npc_vendor` VALUES (1070738, 0, 42377, 0, 0, 0, 1, NULL, 0, 0, 0);
REPLACE INTO `npc_vendor` VALUES (1070738, 0, 38, 0, 0, 0, 1, NULL, 0, 0, 0);
REPLACE INTO `npc_vendor` VALUES (1070738, 0, 6120, 0, 0, 0, 1, NULL, 0, 0, 0);
REPLACE INTO `npc_vendor` VALUES (1070738, 0, 2105, 0, 0, 0, 1, NULL, 0, 0, 0);
REPLACE INTO `npc_vendor` VALUES (1070738, 0, 10055, 0, 0, 0, 1, NULL, 0, 0, 0);
REPLACE INTO `npc_vendor` VALUES (1070738, 0, 41252, 0, 0, 0, 1, NULL, 0, 0, 0);
REPLACE INTO `npc_vendor` VALUES (1070738, 0, 68611, 0, 0, 0, 1, NULL, 0, 0, 0);
REPLACE INTO `npc_vendor` VALUES (1070738, 0, 41248, 0, 0, 0, 1, NULL, 0, 0, 0);
REPLACE INTO `npc_vendor` VALUES (1070738, 0, 42378, 0, 0, 0, 1, NULL, 0, 0, 0);
REPLACE INTO `npc_vendor` VALUES (1070738, 0, 2575, 0, 0, 0, 1, NULL, 0, 0, 0);
REPLACE INTO `npc_vendor` VALUES (1070738, 0, 6796, 0, 0, 0, 1, NULL, 0, 0, 0);
REPLACE INTO `npc_vendor` VALUES (1070738, 0, 41254, 0, 0, 0, 1, NULL, 0, 0, 0);
REPLACE INTO `npc_vendor` VALUES (1070738, 0, 14617, 0, 0, 0, 1, NULL, 0, 0, 0);
REPLACE INTO `npc_vendor` VALUES (1070738, 0, 52019, 0, 0, 0, 1, NULL, 0, 0, 0);
REPLACE INTO `npc_vendor` VALUES (1070738, 0, 4336, 0, 0, 0, 1, NULL, 0, 0, 0);
REPLACE INTO `npc_vendor` VALUES (1070738, 0, 167222, 0, 0, 0, 1, NULL, 0, 0, 0);
REPLACE INTO `npc_vendor` VALUES (1070738, 0, 167229, 0, 0, 0, 1, NULL, 0, 0, 0);
REPLACE INTO `npc_vendor` VALUES (1070738, 0, 167212, 0, 0, 0, 1, NULL, 0, 0, 0);
REPLACE INTO `npc_vendor` VALUES (1070738, 0, 98093, 0, 0, 0, 1, NULL, 0, 0, 0);
REPLACE INTO `npc_vendor` VALUES (1070738, 0, 98086, 0, 0, 0, 1, NULL, 0, 0, 0);
REPLACE INTO `npc_vendor` VALUES (1070738, 0, 10034, 0, 0, 0, 1, NULL, 0, 0, 0);
REPLACE INTO `npc_vendor` VALUES (1070738, 0, 49, 0, 0, 0, 1, NULL, 0, 0, 0);
REPLACE INTO `npc_vendor` VALUES (1070738, 0, 2576, 0, 0, 0, 1, NULL, 0, 0, 0);
REPLACE INTO `npc_vendor` VALUES (1070738, 0, 6795, 0, 0, 0, 1, NULL, 0, 0, 0);
REPLACE INTO `npc_vendor` VALUES (1070738, 0, 98543, 0, 0, 0, 1, NULL, 0, 0, 0);
REPLACE INTO `npc_vendor` VALUES (1070738, 0, 98080, 0, 0, 0, 1, NULL, 0, 0, 0);
REPLACE INTO `npc_vendor` VALUES (1070738, 0, 44693, 0, 0, 0, 1, NULL, 0, 0, 0);
REPLACE INTO `npc_vendor` VALUES (1070737, 0, 4324, 0, 0, 0, 1, NULL, 0, 0, 0);
REPLACE INTO `npc_vendor` VALUES (1070737, 1, 7058, 0, 0, 0, 1, NULL, 0, 0, 0);
REPLACE INTO `npc_vendor` VALUES (1070737, 2, 9905, 0, 0, 0, 1, NULL, 0, 0, 0);
REPLACE INTO `npc_vendor` VALUES (1070737, 3, 52584, 0, 0, 0, 1, NULL, 0, 0, 0);
REPLACE INTO `npc_vendor` VALUES (1070737, 4, 7112, 0, 0, 0, 1, NULL, 0, 0, 0);
REPLACE INTO `npc_vendor` VALUES (1070737, 5, 61114, 0, 0, 0, 1, NULL, 0, 0, 0);
REPLACE INTO `npc_vendor` VALUES (1070737, 6, 9874, 0, 0, 0, 1, NULL, 0, 0, 0);
REPLACE INTO `npc_vendor` VALUES (1070737, 7, 9791, 0, 0, 0, 1, NULL, 0, 0, 0);
REPLACE INTO `npc_vendor` VALUES (1070737, 8, 24663, 0, 0, 0, 1, NULL, 0, 0, 0);
REPLACE INTO `npc_vendor` VALUES (1070737, 9, 7332, 0, 0, 0, 1, NULL, 0, 0, 0);
REPLACE INTO `npc_vendor` VALUES (1070737, 10, 8245, 0, 0, 0, 1, NULL, 0, 0, 0);
REPLACE INTO `npc_vendor` VALUES (1070737, 11, 10181, 0, 0, 0, 1, NULL, 0, 0, 0);
REPLACE INTO `npc_vendor` VALUES (1070737, 12, 795, 0, 0, 0, 1, NULL, 0, 0, 0);
REPLACE INTO `npc_vendor` VALUES (1070737, 13, 2121, 0, 0, 0, 1, NULL, 0, 0, 0);
REPLACE INTO `npc_vendor` VALUES (1070737, 14, 2568, 0, 0, 0, 1, NULL, 0, 0, 0);
REPLACE INTO `npc_vendor` VALUES (1070737, 15, 7113, 0, 0, 0, 1, NULL, 0, 0, 0);
REPLACE INTO `npc_vendor` VALUES (1070737, 16, 13857, 0, 0, 0, 1, NULL, 0, 0, 0);
REPLACE INTO `npc_vendor` VALUES (1070737, 17, 10104, 0, 0, 0, 1, NULL, 0, 0, 0);
REPLACE INTO `npc_vendor` VALUES (1070737, 18, 10135, 0, 0, 0, 1, NULL, 0, 0, 0);
REPLACE INTO `npc_vendor` VALUES (1070737, 19, 1778, 0, 0, 0, 1, NULL, 0, 0, 0);
REPLACE INTO `npc_vendor` VALUES (1070737, 20, 58231, 0, 0, 0, 1, NULL, 0, 0, 0);
REPLACE INTO `npc_vendor` VALUES (1070737, 21, 1770, 0, 0, 0, 1, NULL, 0, 0, 0);
REPLACE INTO `npc_vendor` VALUES (1070737, 22, 837, 0, 0, 0, 1, NULL, 0, 0, 0);
REPLACE INTO `npc_vendor` VALUES (1070737, 23, 14175, 0, 0, 0, 1, NULL, 0, 0, 0);
REPLACE INTO `npc_vendor` VALUES (1070737, 24, 5202, 0, 0, 0, 1, NULL, 0, 0, 0);
REPLACE INTO `npc_vendor` VALUES (1070737, 25, 6561, 0, 0, 0, 1, NULL, 0, 0, 0);
REPLACE INTO `npc_vendor` VALUES (1070737, 26, 25340, 0, 0, 0, 1, NULL, 0, 0, 0);
REPLACE INTO `npc_vendor` VALUES (1070737, 27, 33364, 0, 0, 0, 1, NULL, 0, 0, 0);
REPLACE INTO `npc_vendor` VALUES (1070737, 28, 3292, 0, 0, 0, 1, NULL, 0, 0, 0);
REPLACE INTO `npc_vendor` VALUES (1070737, 29, 2578, 0, 0, 0, 1, NULL, 0, 0, 0);
REPLACE INTO `npc_vendor` VALUES (1070737, 30, 3310, 0, 0, 0, 1, NULL, 0, 0, 0);
REPLACE INTO `npc_vendor` VALUES (1070737, 31, 14121, 0, 0, 0, 1, NULL, 0, 0, 0);
REPLACE INTO `npc_vendor` VALUES (1070737, 32, 5420, 0, 0, 0, 1, NULL, 0, 0, 0);
REPLACE INTO `npc_vendor` VALUES (1070737, 33, 14096, 0, 0, 0, 1, NULL, 0, 0, 0);
REPLACE INTO `npc_vendor` VALUES (1070737, 34, 5109, 0, 0, 0, 1, NULL, 0, 0, 0);
REPLACE INTO `npc_vendor` VALUES (1070737, 35, 2364, 0, 0, 0, 1, NULL, 0, 0, 0);
REPLACE INTO `npc_vendor` VALUES (1070737, 36, 14158, 0, 0, 0, 1, NULL, 0, 0, 0);
REPLACE INTO `npc_vendor` VALUES (1070737, 37, 14180, 0, 0, 0, 1, NULL, 0, 0, 0);
REPLACE INTO `npc_vendor` VALUES (1070737, 38, 7517, 0, 0, 0, 1, NULL, 0, 0, 0);
REPLACE INTO `npc_vendor` VALUES (1070737, 39, 29926, 0, 0, 0, 1, NULL, 0, 0, 0);
REPLACE INTO `npc_vendor` VALUES (1070737, 40, 38277, 0, 0, 0, 1, NULL, 0, 0, 0);
REPLACE INTO `npc_vendor` VALUES (1070737, 41, 24639, 0, 0, 0, 1, NULL, 0, 0, 0);
REPLACE INTO `npc_vendor` VALUES (1070737, 42, 31470, 0, 0, 0, 1, NULL, 0, 0, 0);
REPLACE INTO `npc_vendor` VALUES (1070737, 43, 116922, 0, 0, 0, 1, NULL, 0, 0, 0);
REPLACE INTO `npc_vendor` VALUES (1070737, 44, 152140, 0, 0, 0, 1, NULL, 0, 0, 0);
REPLACE INTO `npc_vendor` VALUES (1070737, 45, 152679, 0, 0, 0, 1, NULL, 0, 0, 0);
REPLACE INTO `npc_vendor` VALUES (1070737, 46, 148991, 0, 0, 0, 1, NULL, 0, 0, 0);
REPLACE INTO `npc_vendor` VALUES (1070737, 47, 9836, 0, 0, 0, 1, NULL, 0, 0, 0);
REPLACE INTO `npc_vendor` VALUES (1070737, 48, 9818, 0, 0, 0, 1, NULL, 0, 0, 0);
REPLACE INTO `npc_vendor` VALUES (1070737, 49, 3151, 0, 0, 0, 1, NULL, 0, 0, 0);
REPLACE INTO `npc_vendor` VALUES (1070737, 50, 2869, 0, 0, 0, 1, NULL, 0, 0, 0);
REPLACE INTO `npc_vendor` VALUES (1070737, 51, 6336, 0, 0, 0, 1, NULL, 0, 0, 0);
REPLACE INTO `npc_vendor` VALUES (1070737, 52, 9897, 0, 0, 0, 1, NULL, 0, 0, 0);
REPLACE INTO `npc_vendor` VALUES (1070737, 53, 24880, 0, 0, 0, 1, NULL, 0, 0, 0);
REPLACE INTO `npc_vendor` VALUES (1070737, 54, 24872, 0, 0, 0, 1, NULL, 0, 0, 0);
REPLACE INTO `npc_vendor` VALUES (1070737, 55, 2977, 0, 0, 0, 1, NULL, 0, 0, 0);
REPLACE INTO `npc_vendor` VALUES (1070737, 56, 44059, 0, 0, 0, 1, NULL, 0, 0, 0);
REPLACE INTO `npc_vendor` VALUES (1070737, 57, 44060, 0, 0, 0, 1, NULL, 0, 0, 0);
REPLACE INTO `npc_vendor` VALUES (1070737, 58, 61560, 0, 0, 0, 1, NULL, 0, 0, 0);
REPLACE INTO `npc_vendor` VALUES (1070737, 59, 30959, 0, 0, 0, 1, NULL, 0, 0, 0);
REPLACE INTO `npc_vendor` VALUES (1070737, 60, 94039, 0, 0, 0, 1, NULL, 0, 0, 0);
REPLACE INTO `npc_vendor` VALUES (1070737, 61, 109890, 0, 0, 0, 1, NULL, 0, 0, 0);
REPLACE INTO `npc_vendor` VALUES (1070737, 62, 109889, 0, 0, 0, 1, NULL, 0, 0, 0);
REPLACE INTO `npc_vendor` VALUES (1070737, 63, 129709, 0, 0, 0, 1, NULL, 0, 0, 0);
REPLACE INTO `npc_vendor` VALUES (1070737, 64, 11851, 0, 0, 0, 1, NULL, 0, 0, 0);
REPLACE INTO `npc_vendor` VALUES (1070737, 65, 52910, 0, 0, 0, 1, NULL, 0, 0, 0);
REPLACE INTO `npc_vendor` VALUES (1070737, 66, 6085, 0, 0, 0, 1, NULL, 0, 0, 0);
REPLACE INTO `npc_vendor` VALUES (1070737, 67, 53386, 0, 0, 0, 1, NULL, 0, 0, 0);
REPLACE INTO `npc_vendor` VALUES (1070737, 68, 15376, 0, 0, 0, 1, NULL, 0, 0, 0);
REPLACE INTO `npc_vendor` VALUES (1070737, 69, 14581, 0, 0, 0, 1, NULL, 0, 0, 0);
REPLACE INTO `npc_vendor` VALUES (1070737, 70, 15359, 0, 0, 0, 1, NULL, 0, 0, 0);
REPLACE INTO `npc_vendor` VALUES (1070737, 71, 15159, 0, 0, 0, 1, NULL, 0, 0, 0);
REPLACE INTO `npc_vendor` VALUES (1070737, 72, 14592, 0, 0, 0, 1, NULL, 0, 0, 0);
REPLACE INTO `npc_vendor` VALUES (1070737, 73, 31511, 0, 0, 0, 1, NULL, 0, 0, 0);
REPLACE INTO `npc_vendor` VALUES (1070737, 74, 24775, 0, 0, 0, 1, NULL, 0, 0, 0);
REPLACE INTO `npc_vendor` VALUES (1070737, 75, 14570, 0, 0, 0, 1, NULL, 0, 0, 0);
REPLACE INTO `npc_vendor` VALUES (1070737, 76, 2973, 0, 0, 0, 1, NULL, 0, 0, 0);
REPLACE INTO `npc_vendor` VALUES (1070737, 77, 20575, 0, 0, 0, 1, NULL, 0, 0, 0);
REPLACE INTO `npc_vendor` VALUES (1070737, 78, 25932, 0, 0, 0, 1, NULL, 0, 0, 0);
REPLACE INTO `npc_vendor` VALUES (1070737, 79, 26019, 0, 0, 0, 1, NULL, 0, 0, 0);
REPLACE INTO `npc_vendor` VALUES (1070737, 80, 62953, 0, 0, 0, 1, NULL, 0, 0, 0);
REPLACE INTO `npc_vendor` VALUES (1070737, 81, 65303, 0, 0, 0, 1, NULL, 0, 0, 0);
REPLACE INTO `npc_vendor` VALUES (1070737, 82, 65312, 0, 0, 0, 1, NULL, 0, 0, 0);
REPLACE INTO `npc_vendor` VALUES (1070737, 83, 54967, 0, 0, 0, 1, NULL, 0, 0, 0);
REPLACE INTO `npc_vendor` VALUES (1070737, 84, 61622, 0, 0, 0, 1, NULL, 0, 0, 0);
REPLACE INTO `npc_vendor` VALUES (1070737, 85, 53306, 0, 0, 0, 1, NULL, 0, 0, 0);
REPLACE INTO `npc_vendor` VALUES (1070737, 86, 49574, 0, 0, 0, 1, NULL, 0, 0, 0);
REPLACE INTO `npc_vendor` VALUES (1070737, 87, 49570, 0, 0, 0, 1, NULL, 0, 0, 0);
REPLACE INTO `npc_vendor` VALUES (1070737, 88, 49563, 0, 0, 0, 1, NULL, 0, 0, 0);
REPLACE INTO `npc_vendor` VALUES (1070737, 89, 55648, 0, 0, 0, 1, NULL, 0, 0, 0);
REPLACE INTO `npc_vendor` VALUES (1070737, 90, 57318, 0, 0, 0, 1, NULL, 0, 0, 0);
REPLACE INTO `npc_vendor` VALUES (1070737, 91, 59724, 0, 0, 0, 1, NULL, 0, 0, 0);
REPLACE INTO `npc_vendor` VALUES (1070737, 92, 129509, 0, 0, 0, 1, NULL, 0, 0, 0);
REPLACE INTO `npc_vendor` VALUES (1070737, 93, 23087, 0, 0, 0, 1, NULL, 0, 0, 0);
REPLACE INTO `npc_vendor` VALUES (1070737, 94, 15413, 0, 0, 0, 1, NULL, 0, 0, 0);
REPLACE INTO `npc_vendor` VALUES (1070737, 95, 14931, 0, 0, 0, 1, NULL, 0, 0, 0);
REPLACE INTO `npc_vendor` VALUES (1070737, 96, 159215, 0, 0, 0, 1, NULL, 0, 0, 0);
REPLACE INTO `npc_vendor` VALUES (1070737, 97, 158014, 0, 0, 0, 1, NULL, 0, 0, 0);
REPLACE INTO `npc_vendor` VALUES (1070737, 98, 157982, 0, 0, 0, 1, NULL, 0, 0, 0);
REPLACE INTO `npc_vendor` VALUES (1070737, 99, 162902, 0, 0, 0, 1, NULL, 0, 0, 0);
REPLACE INTO `npc_vendor` VALUES (1070737, 0, 9508, 0, 0, 0, 1, NULL, 0, 0, 0);
REPLACE INTO `npc_vendor` VALUES (1070737, 0, 6263, 0, 0, 0, 1, NULL, 0, 0, 0);
REPLACE INTO `npc_vendor` VALUES (1070737, 0, 116137, 0, 0, 0, 1, NULL, 0, 0, 0);
REPLACE INTO `npc_vendor` VALUES (1070737, 0, 171331, 0, 0, 0, 1, NULL, 0, 0, 0);
REPLACE INTO `npc_vendor` VALUES (1070737, 0, 33862, 0, 0, 0, 1, NULL, 0, 0, 0);
REPLACE INTO `npc_vendor` VALUES (1070737, 0, 70923, 0, 0, 0, 1, NULL, 0, 0, 0);
REPLACE INTO `npc_vendor` VALUES (1070736, 0, 14170, 0, 0, 0, 1, NULL, 0, 0, 0);
REPLACE INTO `npc_vendor` VALUES (1070736, 0, 4698, 0, 0, 0, 1, NULL, 0, 0, 0);
REPLACE INTO `npc_vendor` VALUES (1070736, 0, 14182, 0, 0, 0, 1, NULL, 0, 0, 0);
REPLACE INTO `npc_vendor` VALUES (1070736, 0, 4661, 0, 0, 0, 1, NULL, 0, 0, 0);
REPLACE INTO `npc_vendor` VALUES (1070736, 0, 5274, 0, 0, 0, 1, NULL, 0, 0, 0);
REPLACE INTO `npc_vendor` VALUES (1070736, 0, 134672, 0, 0, 0, 1, NULL, 0, 0, 0);
REPLACE INTO `npc_vendor` VALUES (1070736, 0, 64591, 0, 0, 0, 1, NULL, 0, 0, 0);
REPLACE INTO `npc_vendor` VALUES (1070736, 0, 53571, 0, 0, 0, 1, NULL, 0, 0, 0);
REPLACE INTO `npc_vendor` VALUES (1070736, 0, 14201, 0, 0, 0, 1, NULL, 0, 0, 0);
REPLACE INTO `npc_vendor` VALUES (1070736, 0, 24651, 0, 0, 0, 1, NULL, 0, 0, 0);
REPLACE INTO `npc_vendor` VALUES (1070736, 0, 4729, 0, 0, 0, 1, NULL, 0, 0, 0);
REPLACE INTO `npc_vendor` VALUES (1070736, 0, 9796, 0, 0, 0, 1, NULL, 0, 0, 0);
REPLACE INTO `npc_vendor` VALUES (1070736, 0, 61107, 0, 0, 0, 1, NULL, 0, 0, 0);
REPLACE INTO `npc_vendor` VALUES (1070736, 0, 55758, 0, 0, 0, 1, NULL, 0, 0, 0);
REPLACE INTO `npc_vendor` VALUES (1070736, 0, 59781, 0, 0, 0, 1, NULL, 0, 0, 0);
REPLACE INTO `npc_vendor` VALUES (1070736, 0, 36065, 0, 0, 0, 1, NULL, 0, 0, 0);
REPLACE INTO `npc_vendor` VALUES (1070736, 0, 61444, 0, 0, 0, 1, NULL, 0, 0, 0);
REPLACE INTO `npc_vendor` VALUES (1070736, 0, 43862, 0, 0, 0, 1, NULL, 0, 0, 0);
REPLACE INTO `npc_vendor` VALUES (1070736, 0, 42842, 0, 0, 0, 1, NULL, 0, 0, 0);
REPLACE INTO `npc_vendor` VALUES (1070736, 0, 72643, 0, 0, 0, 1, NULL, 0, 0, 0);
REPLACE INTO `npc_vendor` VALUES (1070736, 0, 57333, 0, 0, 0, 1, NULL, 0, 0, 0);
REPLACE INTO `npc_vendor` VALUES (1070736, 0, 10405, 0, 0, 0, 1, NULL, 0, 0, 0);
REPLACE INTO `npc_vendor` VALUES (1070736, 0, 7352, 0, 0, 0, 1, NULL, 0, 0, 0);
REPLACE INTO `npc_vendor` VALUES (1070736, 0, 4700, 0, 0, 0, 1, NULL, 0, 0, 0);
REPLACE INTO `npc_vendor` VALUES (1070736, 0, 7445, 0, 0, 0, 1, NULL, 0, 0, 0);
REPLACE INTO `npc_vendor` VALUES (1070736, 0, 15338, 0, 0, 0, 1, NULL, 0, 0, 0);
REPLACE INTO `npc_vendor` VALUES (1070736, 0, 15313, 0, 0, 0, 1, NULL, 0, 0, 0);
REPLACE INTO `npc_vendor` VALUES (1070736, 0, 16995, 0, 0, 0, 1, NULL, 0, 0, 0);
REPLACE INTO `npc_vendor` VALUES (1070736, 0, 4252, 0, 0, 0, 1, NULL, 0, 0, 0);
REPLACE INTO `npc_vendor` VALUES (1070736, 0, 55689, 0, 0, 0, 1, NULL, 0, 0, 0);
REPLACE INTO `npc_vendor` VALUES (1070736, 0, 57352, 0, 0, 0, 1, NULL, 0, 0, 0);
REPLACE INTO `npc_vendor` VALUES (1070736, 0, 56495, 0, 0, 0, 1, NULL, 0, 0, 0);
REPLACE INTO `npc_vendor` VALUES (1070736, 0, 59700, 0, 0, 0, 1, NULL, 0, 0, 0);
REPLACE INTO `npc_vendor` VALUES (1070736, 0, 57836, 0, 0, 0, 1, NULL, 0, 0, 0);
REPLACE INTO `npc_vendor` VALUES (1070736, 0, 56904, 0, 0, 0, 1, NULL, 0, 0, 0);
REPLACE INTO `npc_vendor` VALUES (1070736, 0, 65344, 0, 0, 0, 1, NULL, 0, 0, 0);
REPLACE INTO `npc_vendor` VALUES (1070736, 0, 82624, 0, 0, 0, 1, NULL, 0, 0, 0);
REPLACE INTO `npc_vendor` VALUES (1070736, 0, 81589, 0, 0, 0, 1, NULL, 0, 0, 0);
REPLACE INTO `npc_vendor` VALUES (1070736, 0, 57463, 0, 0, 0, 1, NULL, 0, 0, 0);
REPLACE INTO `npc_vendor` VALUES (1070736, 0, 97689, 0, 0, 0, 1, NULL, 0, 0, 0);
REPLACE INTO `npc_vendor` VALUES (1070736, 0, 55910, 0, 0, 0, 1, NULL, 0, 0, 0);
REPLACE INTO `npc_vendor` VALUES (1070736, 0, 65943, 0, 0, 0, 1, NULL, 0, 0, 0);
REPLACE INTO `npc_vendor` VALUES (1070736, 0, 81756, 0, 0, 0, 1, NULL, 0, 0, 0);
REPLACE INTO `npc_vendor` VALUES (1070736, 0, 59385, 0, 0, 0, 1, NULL, 0, 0, 0);
REPLACE INTO `npc_vendor` VALUES (1070736, 0, 67183, 0, 0, 0, 1, NULL, 0, 0, 0);
REPLACE INTO `npc_vendor` VALUES (1070736, 0, 64562, 0, 0, 0, 1, NULL, 0, 0, 0);
REPLACE INTO `npc_vendor` VALUES (1070736, 0, 9817, 0, 0, 0, 1, NULL, 0, 0, 0);
REPLACE INTO `npc_vendor` VALUES (1070736, 0, 3765, 0, 0, 0, 1, NULL, 0, 0, 0);
REPLACE INTO `npc_vendor` VALUES (1070736, 0, 3481, 0, 0, 0, 1, NULL, 0, 0, 0);
REPLACE INTO `npc_vendor` VALUES (1070736, 0, 24884, 0, 0, 0, 1, NULL, 0, 0, 0);
REPLACE INTO `npc_vendor` VALUES (1070736, 0, 55617, 0, 0, 0, 1, NULL, 0, 0, 0);
REPLACE INTO `npc_vendor` VALUES (1070736, 0, 65838, 0, 0, 0, 1, NULL, 0, 0, 0);
REPLACE INTO `npc_vendor` VALUES (1070736, 0, 63281, 0, 0, 0, 1, NULL, 0, 0, 0);
REPLACE INTO `npc_vendor` VALUES (1070736, 0, 10200, 0, 0, 0, 1, NULL, 0, 0, 0);
REPLACE INTO `npc_vendor` VALUES (1070736, 0, 83169, 0, 0, 0, 1, NULL, 0, 0, 0);
REPLACE INTO `npc_vendor` VALUES (1070736, 0, 82625, 0, 0, 0, 1, NULL, 0, 0, 0);
REPLACE INTO `npc_vendor` VALUES (1070736, 0, 83655, 0, 0, 0, 1, NULL, 0, 0, 0);
REPLACE INTO `npc_vendor` VALUES (1070736, 0, 82498, 0, 0, 0, 1, NULL, 0, 0, 0);
REPLACE INTO `npc_vendor` VALUES (1070736, 0, 123349, 0, 0, 0, 1, NULL, 0, 0, 0);
REPLACE INTO `npc_vendor` VALUES (1070736, 0, 67215, 0, 0, 0, 1, NULL, 0, 0, 0);
REPLACE INTO `npc_vendor` VALUES (1070736, 0, 64612, 0, 0, 0, 1, NULL, 0, 0, 0);
REPLACE INTO `npc_vendor` VALUES (1070736, 0, 24940, 0, 0, 0, 1, NULL, 0, 0, 0);
REPLACE INTO `npc_vendor` VALUES (1070736, 0, 121955, 0, 0, 0, 1, NULL, 0, 0, 0);
REPLACE INTO `npc_vendor` VALUES (1070736, 0, 9292, 0, 0, 0, 1, NULL, 0, 0, 0);
REPLACE INTO `npc_vendor` VALUES (1070736, 0, 9971, 0, 0, 0, 1, NULL, 0, 0, 0);
REPLACE INTO `npc_vendor` VALUES (1070736, 0, 65323, 0, 0, 0, 1, NULL, 0, 0, 0);
REPLACE INTO `npc_vendor` VALUES (1070736, 0, 56846, 0, 0, 0, 1, NULL, 0, 0, 0);
REPLACE INTO `npc_vendor` VALUES (1070736, 0, 63005, 0, 0, 0, 1, NULL, 0, 0, 0);
REPLACE INTO `npc_vendor` VALUES (1070736, 0, 134737, 0, 0, 0, 1, NULL, 0, 0, 0);
REPLACE INTO `npc_vendor` VALUES (1070736, 0, 36337, 0, 0, 0, 1, NULL, 0, 0, 0);
REPLACE INTO `npc_vendor` VALUES (1070736, 0, 56843, 0, 0, 0, 1, NULL, 0, 0, 0);
REPLACE INTO `npc_vendor` VALUES (1070736, 0, 63557, 0, 0, 0, 1, NULL, 0, 0, 0);
REPLACE INTO `npc_vendor` VALUES (1070736, 0, 39888, 0, 0, 0, 1, NULL, 0, 0, 0);
REPLACE INTO `npc_vendor` VALUES (1070736, 0, 40675, 0, 0, 0, 1, NULL, 0, 0, 0);
REPLACE INTO `npc_vendor` VALUES (1070736, 0, 36345, 0, 0, 0, 1, NULL, 0, 0, 0);
REPLACE INTO `npc_vendor` VALUES (1070736, 0, 109946, 0, 0, 0, 1, NULL, 0, 0, 0);
REPLACE INTO `npc_vendor` VALUES (1070736, 0, 109945, 0, 0, 0, 1, NULL, 0, 0, 0);
REPLACE INTO `npc_vendor` VALUES (1070736, 0, 119383, 0, 0, 0, 1, NULL, 0, 0, 0);
REPLACE INTO `npc_vendor` VALUES (1070735, 0, 11936, 0, 0, 0, 1, NULL, 0, 0, 0);
REPLACE INTO `npc_vendor` VALUES (1070735, 0, 19090, 0, 0, 0, 1, NULL, 0, 0, 0);
REPLACE INTO `npc_vendor` VALUES (1070735, 0, 14113, 0, 0, 0, 1, NULL, 0, 0, 0);
REPLACE INTO `npc_vendor` VALUES (1070735, 0, 4687, 0, 0, 0, 1, NULL, 0, 0, 0);
REPLACE INTO `npc_vendor` VALUES (1070735, 0, 20998, 0, 0, 0, 1, NULL, 0, 0, 0);
REPLACE INTO `npc_vendor` VALUES (1070735, 0, 14454, 0, 0, 0, 1, NULL, 0, 0, 0);
REPLACE INTO `npc_vendor` VALUES (1070735, 0, 4720, 0, 0, 0, 1, NULL, 0, 0, 0);
REPLACE INTO `npc_vendor` VALUES (1070735, 0, 7052, 0, 0, 0, 1, NULL, 0, 0, 0);
REPLACE INTO `npc_vendor` VALUES (1070735, 0, 53447, 0, 0, 0, 1, NULL, 0, 0, 0);
REPLACE INTO `npc_vendor` VALUES (1070735, 0, 24685, 0, 0, 0, 1, NULL, 0, 0, 0);
REPLACE INTO `npc_vendor` VALUES (1070735, 0, 4328, 0, 0, 0, 1, NULL, 0, 0, 0);
REPLACE INTO `npc_vendor` VALUES (1070735, 0, 18740, 0, 0, 0, 1, NULL, 0, 0, 0);
REPLACE INTO `npc_vendor` VALUES (1070735, 0, 19842, 0, 0, 0, 1, NULL, 0, 0, 0);
REPLACE INTO `npc_vendor` VALUES (1070735, 0, 7526, 0, 0, 0, 1, NULL, 0, 0, 0);
REPLACE INTO `npc_vendor` VALUES (1070735, 0, 24621, 0, 0, 0, 1, NULL, 0, 0, 0);
REPLACE INTO `npc_vendor` VALUES (1070735, 0, 4663, 0, 0, 0, 1, NULL, 0, 0, 0);
REPLACE INTO `npc_vendor` VALUES (1070735, 0, 24605, 0, 0, 0, 1, NULL, 0, 0, 0);
REPLACE INTO `npc_vendor` VALUES (1070735, 0, 6513, 0, 0, 0, 1, NULL, 0, 0, 0);
REPLACE INTO `npc_vendor` VALUES (1070735, 0, 24645, 0, 0, 0, 1, NULL, 0, 0, 0);
REPLACE INTO `npc_vendor` VALUES (1070735, 0, 24653, 0, 0, 0, 1, NULL, 0, 0, 0);
REPLACE INTO `npc_vendor` VALUES (1070735, 0, 3602, 0, 0, 0, 1, NULL, 0, 0, 0);
REPLACE INTO `npc_vendor` VALUES (1070735, 0, 6908, 0, 0, 0, 1, NULL, 0, 0, 0);
REPLACE INTO `npc_vendor` VALUES (1070735, 0, 14414, 0, 0, 0, 1, NULL, 0, 0, 0);
REPLACE INTO `npc_vendor` VALUES (1070735, 0, 3936, 0, 0, 0, 1, NULL, 0, 0, 0);
REPLACE INTO `npc_vendor` VALUES (1070735, 0, 14185, 0, 0, 0, 1, NULL, 0, 0, 0);
REPLACE INTO `npc_vendor` VALUES (1070735, 0, 3344, 0, 0, 0, 1, NULL, 0, 0, 0);
REPLACE INTO `npc_vendor` VALUES (1070735, 0, 10144, 0, 0, 0, 1, NULL, 0, 0, 0);
REPLACE INTO `npc_vendor` VALUES (1070735, 0, 10103, 0, 0, 0, 1, NULL, 0, 0, 0);
REPLACE INTO `npc_vendor` VALUES (1070735, 0, 18327, 0, 0, 0, 1, NULL, 0, 0, 0);
REPLACE INTO `npc_vendor` VALUES (1070735, 0, 3593, 0, 0, 0, 1, NULL, 0, 0, 0);
REPLACE INTO `npc_vendor` VALUES (1070735, 0, 24576, 0, 0, 0, 1, NULL, 0, 0, 0);
REPLACE INTO `npc_vendor` VALUES (1070735, 0, 4699, 0, 0, 0, 1, NULL, 0, 0, 0);
REPLACE INTO `npc_vendor` VALUES (1070735, 0, 35929, 0, 0, 0, 1, NULL, 0, 0, 0);
REPLACE INTO `npc_vendor` VALUES (1070735, 0, 41522, 0, 0, 0, 1, NULL, 0, 0, 0);
REPLACE INTO `npc_vendor` VALUES (1070735, 0, 41543, 0, 0, 0, 1, NULL, 0, 0, 0);
REPLACE INTO `npc_vendor` VALUES (1070735, 0, 35888, 0, 0, 0, 1, NULL, 0, 0, 0);
REPLACE INTO `npc_vendor` VALUES (1070735, 0, 87327, 0, 0, 0, 1, NULL, 0, 0, 0);
REPLACE INTO `npc_vendor` VALUES (1070735, 0, 87375, 0, 0, 0, 1, NULL, 0, 0, 0);
REPLACE INTO `npc_vendor` VALUES (1070735, 0, 139600, 0, 0, 0, 1, NULL, 0, 0, 0);
REPLACE INTO `npc_vendor` VALUES (1070735, 0, 146022, 0, 0, 0, 1, NULL, 0, 0, 0);
REPLACE INTO `npc_vendor` VALUES (1070735, 0, 146023, 0, 0, 0, 1, NULL, 0, 0, 0);
REPLACE INTO `npc_vendor` VALUES (1070735, 0, 146876, 0, 0, 0, 1, NULL, 0, 0, 0);
REPLACE INTO `npc_vendor` VALUES (1070735, 0, 146785, 0, 0, 0, 1, NULL, 0, 0, 0);
REPLACE INTO `npc_vendor` VALUES (1070735, 0, 1369, 0, 0, 0, 1, NULL, 0, 0, 0);
REPLACE INTO `npc_vendor` VALUES (1070735, 0, 2122, 0, 0, 0, 1, NULL, 0, 0, 0);
REPLACE INTO `npc_vendor` VALUES (1070735, 0, 2142, 0, 0, 0, 1, NULL, 0, 0, 0);
REPLACE INTO `npc_vendor` VALUES (1070735, 0, 33373, 0, 0, 0, 1, NULL, 0, 0, 0);
REPLACE INTO `npc_vendor` VALUES (1070735, 0, 9775, 0, 0, 0, 1, NULL, 0, 0, 0);
REPLACE INTO `npc_vendor` VALUES (1070735, 0, 28142, 0, 0, 0, 1, NULL, 0, 0, 0);
REPLACE INTO `npc_vendor` VALUES (1070735, 0, 4250, 0, 0, 0, 1, NULL, 0, 0, 0);
REPLACE INTO `npc_vendor` VALUES (1070735, 0, 24701, 0, 0, 0, 1, NULL, 0, 0, 0);
REPLACE INTO `npc_vendor` VALUES (1070735, 0, 24765, 0, 0, 0, 1, NULL, 0, 0, 0);
REPLACE INTO `npc_vendor` VALUES (1070735, 0, 10721, 0, 0, 0, 1, NULL, 0, 0, 0);
REPLACE INTO `npc_vendor` VALUES (1070735, 0, 4257, 0, 0, 0, 1, NULL, 0, 0, 0);
REPLACE INTO `npc_vendor` VALUES (1070735, 0, 4258, 0, 0, 0, 1, NULL, 0, 0, 0);
REPLACE INTO `npc_vendor` VALUES (1070735, 0, 20920, 0, 0, 0, 1, NULL, 0, 0, 0);
REPLACE INTO `npc_vendor` VALUES (1070735, 0, 24446, 0, 0, 0, 1, NULL, 0, 0, 0);
REPLACE INTO `npc_vendor` VALUES (1070735, 0, 44181, 0, 0, 0, 1, NULL, 0, 0, 0);
REPLACE INTO `npc_vendor` VALUES (1070735, 0, 46078, 0, 0, 0, 1, NULL, 0, 0, 0);
REPLACE INTO `npc_vendor` VALUES (1070735, 0, 59045, 0, 0, 0, 1, NULL, 0, 0, 0);
REPLACE INTO `npc_vendor` VALUES (1070735, 0, 2173, 0, 0, 0, 1, NULL, 0, 0, 0);
REPLACE INTO `npc_vendor` VALUES (1070735, 0, 57554, 0, 0, 0, 1, NULL, 0, 0, 0);
REPLACE INTO `npc_vendor` VALUES (1070735, 0, 57143, 0, 0, 0, 1, NULL, 0, 0, 0);
REPLACE INTO `npc_vendor` VALUES (1070735, 0, 33245, 0, 0, 0, 1, NULL, 0, 0, 0);
REPLACE INTO `npc_vendor` VALUES (1070735, 0, 62200, 0, 0, 0, 1, NULL, 0, 0, 0);
REPLACE INTO `npc_vendor` VALUES (1070735, 0, 62141, 0, 0, 0, 1, NULL, 0, 0, 0);
REPLACE INTO `npc_vendor` VALUES (1070735, 0, 55703, 0, 0, 0, 1, NULL, 0, 0, 0);
REPLACE INTO `npc_vendor` VALUES (1070735, 0, 88620, 0, 0, 0, 1, NULL, 0, 0, 0);
REPLACE INTO `npc_vendor` VALUES (1070735, 0, 55698, 0, 0, 0, 1, NULL, 0, 0, 0);
REPLACE INTO `npc_vendor` VALUES (1070735, 0, 61491, 0, 0, 0, 1, NULL, 0, 0, 0);
REPLACE INTO `npc_vendor` VALUES (1070735, 0, 65281, 0, 0, 0, 1, NULL, 0, 0, 0);
REPLACE INTO `npc_vendor` VALUES (1070735, 0, 112615, 0, 0, 0, 1, NULL, 0, 0, 0);
REPLACE INTO `npc_vendor` VALUES (1070735, 0, 107308, 0, 0, 0, 1, NULL, 0, 0, 0);
REPLACE INTO `npc_vendor` VALUES (1070735, 0, 111477, 0, 0, 0, 1, NULL, 0, 0, 0);
REPLACE INTO `npc_vendor` VALUES (1070735, 0, 161944, 0, 0, 0, 1, NULL, 0, 0, 0);
REPLACE INTO `npc_vendor` VALUES (1070735, 0, 158287, 0, 0, 0, 1, NULL, 0, 0, 0);
REPLACE INTO `npc_vendor` VALUES (1070735, 0, 158012, 0, 0, 0, 1, NULL, 0, 0, 0);
REPLACE INTO `npc_vendor` VALUES (1070735, 0, 10269, 0, 0, 0, 1, NULL, 0, 0, 0);
REPLACE INTO `npc_vendor` VALUES (1070735, 0, 10233, 0, 0, 0, 1, NULL, 0, 0, 0);
REPLACE INTO `npc_vendor` VALUES (1070735, 0, 55627, 0, 0, 0, 1, NULL, 0, 0, 0);
REPLACE INTO `npc_vendor` VALUES (1070735, 0, 63875, 0, 0, 0, 1, NULL, 0, 0, 0);
REPLACE INTO `npc_vendor` VALUES (1070735, 0, 65855, 0, 0, 0, 1, NULL, 0, 0, 0);
REPLACE INTO `npc_vendor` VALUES (1070735, 0, 114340, 0, 0, 0, 1, NULL, 0, 0, 0);
REPLACE INTO `npc_vendor` VALUES (1070735, 0, 114738, 0, 0, 0, 1, NULL, 0, 0, 0);
REPLACE INTO `npc_vendor` VALUES (1070735, 0, 106745, 0, 0, 0, 1, NULL, 0, 0, 0);
REPLACE INTO `npc_vendor` VALUES (1070735, 0, 159386, 0, 0, 0, 1, NULL, 0, 0, 0);
REPLACE INTO `npc_vendor` VALUES (1070735, 0, 159353, 0, 0, 0, 1, NULL, 0, 0, 0);
REPLACE INTO `npc_vendor` VALUES (1070735, 0, 161529, 0, 0, 0, 1, NULL, 0, 0, 0);
REPLACE INTO `npc_vendor` VALUES (1070735, 0, 154858, 0, 0, 0, 1, NULL, 0, 0, 0);
REPLACE INTO `npc_vendor` VALUES (1070735, 0, 155046, 0, 0, 0, 1, NULL, 0, 0, 0);
REPLACE INTO `npc_vendor` VALUES (1070735, 0, 158052, 0, 0, 0, 1, NULL, 0, 0, 0);
REPLACE INTO `npc_vendor` VALUES (1070735, 0, 163402, 0, 0, 0, 1, NULL, 0, 0, 0);
REPLACE INTO `npc_vendor` VALUES (1070735, 0, 167963, 0, 0, 0, 1, NULL, 0, 0, 0);
REPLACE INTO `npc_vendor` VALUES (1070735, 0, 36355, 0, 0, 0, 1, NULL, 0, 0, 0);
REPLACE INTO `npc_vendor` VALUES (1070735, 0, 37518, 0, 0, 0, 1, NULL, 0, 0, 0);
REPLACE INTO `npc_vendor` VALUES (1070735, 0, 42826, 0, 0, 0, 1, NULL, 0, 0, 0);
REPLACE INTO `npc_vendor` VALUES (1070735, 0, 55947, 0, 0, 0, 1, NULL, 0, 0, 0);
REPLACE INTO `npc_vendor` VALUES (1070735, 0, 159426, 0, 0, 0, 1, NULL, 0, 0, 0);
REPLACE INTO `npc_vendor` VALUES (1070735, 0, 168976, 0, 0, 0, 1, NULL, 0, 0, 0);
REPLACE INTO `npc_vendor` VALUES (1070735, 0, 109834, 0, 0, 0, 1, NULL, 0, 0, 0);
REPLACE INTO `npc_vendor` VALUES (1070735, 0, 109843, 0, 0, 0, 1, NULL, 0, 0, 0);
REPLACE INTO `npc_vendor` VALUES (1070734, 0, 65842, 0, 0, 0, 1, NULL, 0, 0, 0);
REPLACE INTO `npc_vendor` VALUES (1070734, 0, 55585, 0, 0, 0, 1, NULL, 0, 0, 0);
REPLACE INTO `npc_vendor` VALUES (1070734, 0, 63854, 0, 0, 0, 1, NULL, 0, 0, 0);
REPLACE INTO `npc_vendor` VALUES (1070734, 0, 38419, 0, 0, 0, 1, NULL, 0, 0, 0);
REPLACE INTO `npc_vendor` VALUES (1070734, 0, 38413, 0, 0, 0, 1, NULL, 0, 0, 0);
REPLACE INTO `npc_vendor` VALUES (1070734, 0, 23412, 0, 0, 0, 1, NULL, 0, 0, 0);
REPLACE INTO `npc_vendor` VALUES (1070734, 0, 60691, 0, 0, 0, 1, NULL, 0, 0, 0);
REPLACE INTO `npc_vendor` VALUES (1070734, 0, 6551, 0, 0, 0, 1, NULL, 0, 0, 0);
REPLACE INTO `npc_vendor` VALUES (1070734, 0, 57527, 0, 0, 0, 1, NULL, 0, 0, 0);
REPLACE INTO `npc_vendor` VALUES (1070734, 0, 12419, 0, 0, 0, 1, NULL, 0, 0, 0);
REPLACE INTO `npc_vendor` VALUES (1070734, 0, 8307, 0, 0, 0, 1, NULL, 0, 0, 0);
REPLACE INTO `npc_vendor` VALUES (1070734, 0, 10082, 0, 0, 0, 1, NULL, 0, 0, 0);
REPLACE INTO `npc_vendor` VALUES (1070734, 0, 131917, 0, 0, 0, 1, NULL, 0, 0, 0);
REPLACE INTO `npc_vendor` VALUES (1070734, 0, 159295, 0, 0, 0, 1, NULL, 0, 0, 0);
REPLACE INTO `npc_vendor` VALUES (1070734, 0, 169056, 0, 0, 0, 1, NULL, 0, 0, 0);
REPLACE INTO `npc_vendor` VALUES (1070734, 0, 164852, 0, 0, 0, 1, NULL, 0, 0, 0);
REPLACE INTO `npc_vendor` VALUES (1070734, 0, 167243, 0, 0, 0, 1, NULL, 0, 0, 0);
REPLACE INTO `npc_vendor` VALUES (1070734, 0, 153845, 0, 0, 0, 1, NULL, 0, 0, 0);
REPLACE INTO `npc_vendor` VALUES (1070734, 0, 6582, 0, 0, 0, 1, NULL, 0, 0, 0);
REPLACE INTO `npc_vendor` VALUES (1070734, 0, 62173, 0, 0, 0, 1, NULL, 0, 0, 0);
REPLACE INTO `npc_vendor` VALUES (1070734, 0, 61580, 0, 0, 0, 1, NULL, 0, 0, 0);
REPLACE INTO `npc_vendor` VALUES (1070734, 0, 57834, 0, 0, 0, 1, NULL, 0, 0, 0);
REPLACE INTO `npc_vendor` VALUES (1070734, 0, 143993, 0, 0, 0, 1, NULL, 0, 0, 0);
REPLACE INTO `npc_vendor` VALUES (1070734, 0, 147234, 0, 0, 0, 1, NULL, 0, 0, 0);
REPLACE INTO `npc_vendor` VALUES (1070734, 0, 128054, 0, 0, 0, 1, NULL, 0, 0, 0);
REPLACE INTO `npc_vendor` VALUES (1070734, 0, 125571, 0, 0, 0, 1, NULL, 0, 0, 0);
REPLACE INTO `npc_vendor` VALUES (1070734, 0, 133270, 0, 0, 0, 1, NULL, 0, 0, 0);
REPLACE INTO `npc_vendor` VALUES (1070734, 0, 56408, 0, 0, 0, 1, NULL, 0, 0, 0);
REPLACE INTO `npc_vendor` VALUES (1070734, 0, 49564, 0, 0, 0, 1, NULL, 0, 0, 0);
REPLACE INTO `npc_vendor` VALUES (1070734, 0, 49575, 0, 0, 0, 1, NULL, 0, 0, 0);
REPLACE INTO `npc_vendor` VALUES (1070734, 0, 49569, 0, 0, 0, 1, NULL, 0, 0, 0);
REPLACE INTO `npc_vendor` VALUES (1070734, 0, 61479, 0, 0, 0, 1, NULL, 0, 0, 0);
REPLACE INTO `npc_vendor` VALUES (1070734, 0, 55658, 0, 0, 0, 1, NULL, 0, 0, 0);
REPLACE INTO `npc_vendor` VALUES (1070734, 0, 57298, 0, 0, 0, 1, NULL, 0, 0, 0);
REPLACE INTO `npc_vendor` VALUES (1070734, 0, 59796, 0, 0, 0, 1, NULL, 0, 0, 0);
REPLACE INTO `npc_vendor` VALUES (1070734, 0, 1367, 0, 0, 0, 1, NULL, 0, 0, 0);
REPLACE INTO `npc_vendor` VALUES (1070734, 0, 132571, 0, 0, 0, 1, NULL, 0, 0, 0);
REPLACE INTO `npc_vendor` VALUES (1070734, 0, 2123, 0, 0, 0, 1, NULL, 0, 0, 0);
REPLACE INTO `npc_vendor` VALUES (1070734, 0, 60686, 0, 0, 0, 1, NULL, 0, 0, 0);
REPLACE INTO `npc_vendor` VALUES (1070734, 0, 52603, 0, 0, 0, 1, NULL, 0, 0, 0);
REPLACE INTO `npc_vendor` VALUES (1070734, 0, 2963, 0, 0, 0, 1, NULL, 0, 0, 0);
REPLACE INTO `npc_vendor` VALUES (1070734, 0, 15152, 0, 0, 0, 1, NULL, 0, 0, 0);
REPLACE INTO `npc_vendor` VALUES (1070734, 0, 15370, 0, 0, 0, 1, NULL, 0, 0, 0);
REPLACE INTO `npc_vendor` VALUES (1070734, 0, 7751, 0, 0, 0, 1, NULL, 0, 0, 0);
REPLACE INTO `npc_vendor` VALUES (1070734, 0, 15362, 0, 0, 0, 1, NULL, 0, 0, 0);
REPLACE INTO `npc_vendor` VALUES (1070734, 0, 14579, 0, 0, 0, 1, NULL, 0, 0, 0);
REPLACE INTO `npc_vendor` VALUES (1070734, 0, 2276, 0, 0, 0, 1, NULL, 0, 0, 0);
REPLACE INTO `npc_vendor` VALUES (1070734, 0, 16715, 0, 0, 0, 1, NULL, 0, 0, 0);
REPLACE INTO `npc_vendor` VALUES (1070734, 0, 15131, 0, 0, 0, 1, NULL, 0, 0, 0);
REPLACE INTO `npc_vendor` VALUES (1070734, 0, 1503, 0, 0, 0, 1, NULL, 0, 0, 0);
REPLACE INTO `npc_vendor` VALUES (1070734, 0, 164869, 0, 0, 0, 1, NULL, 0, 0, 0);
REPLACE INTO `npc_vendor` VALUES (1070734, 0, 134656, 0, 0, 0, 1, NULL, 0, 0, 0);
REPLACE INTO `npc_vendor` VALUES (1070734, 0, 147600, 0, 0, 0, 1, NULL, 0, 0, 0);
REPLACE INTO `npc_vendor` VALUES (1070734, 0, 143974, 0, 0, 0, 1, NULL, 0, 0, 0);
REPLACE INTO `npc_vendor` VALUES (1070734, 0, 82957, 0, 0, 0, 1, NULL, 0, 0, 0);
REPLACE INTO `npc_vendor` VALUES (1070734, 0, 82949, 0, 0, 0, 1, NULL, 0, 0, 0);
REPLACE INTO `npc_vendor` VALUES (1070734, 0, 24919, 0, 0, 0, 1, NULL, 0, 0, 0);
REPLACE INTO `npc_vendor` VALUES (1070734, 0, 116238, 0, 0, 0, 1, NULL, 0, 0, 0);
REPLACE INTO `npc_vendor` VALUES (1070734, 0, 116250, 0, 0, 0, 1, NULL, 0, 0, 0);
REPLACE INTO `npc_vendor` VALUES (1070734, 0, 115113, 0, 0, 0, 1, NULL, 0, 0, 0);
REPLACE INTO `npc_vendor` VALUES (1070734, 0, 119896, 0, 0, 0, 1, NULL, 0, 0, 0);
REPLACE INTO `npc_vendor` VALUES (1070734, 0, 37150, 0, 0, 0, 1, NULL, 0, 0, 0);
REPLACE INTO `npc_vendor` VALUES (1070734, 0, 43402, 0, 0, 0, 1, NULL, 0, 0, 0);
REPLACE INTO `npc_vendor` VALUES (1070734, 0, 55893, 0, 0, 0, 1, NULL, 0, 0, 0);
REPLACE INTO `npc_vendor` VALUES (1070734, 0, 54944, 0, 0, 0, 1, NULL, 0, 0, 0);
REPLACE INTO `npc_vendor` VALUES (1070734, 0, 59424, 0, 0, 0, 1, NULL, 0, 0, 0);
REPLACE INTO `npc_vendor` VALUES (1070734, 0, 59428, 0, 0, 0, 1, NULL, 0, 0, 0);
REPLACE INTO `npc_vendor` VALUES (1070734, 0, 67200, 0, 0, 0, 1, NULL, 0, 0, 0);
REPLACE INTO `npc_vendor` VALUES (1070734, 0, 39088, 0, 0, 0, 1, NULL, 0, 0, 0);
REPLACE INTO `npc_vendor` VALUES (1070734, 0, 40949, 0, 0, 0, 1, NULL, 0, 0, 0);
REPLACE INTO `npc_vendor` VALUES (1070734, 0, 36372, 0, 0, 0, 1, NULL, 0, 0, 0);
REPLACE INTO `npc_vendor` VALUES (1070734, 0, 10201, 0, 0, 0, 1, NULL, 0, 0, 0);
REPLACE INTO `npc_vendor` VALUES (1070734, 0, 12426, 0, 0, 0, 1, NULL, 0, 0, 0);
REPLACE INTO `npc_vendor` VALUES (1070734, 0, 31432, 0, 0, 0, 1, NULL, 0, 0, 0);
REPLACE INTO `npc_vendor` VALUES (1070734, 0, 59, 0, 0, 0, 1, NULL, 0, 0, 0);
REPLACE INTO `npc_vendor` VALUES (1070734, 0, 4321, 0, 0, 0, 1, NULL, 0, 0, 0);
REPLACE INTO `npc_vendor` VALUES (1070734, 0, 1772, 0, 0, 0, 1, NULL, 0, 0, 0);
REPLACE INTO `npc_vendor` VALUES (1070734, 0, 30519, 0, 0, 0, 1, NULL, 0, 0, 0);
REPLACE INTO `npc_vendor` VALUES (1070734, 0, 3076, 0, 0, 0, 1, NULL, 0, 0, 0);
REPLACE INTO `npc_vendor` VALUES (1070734, 0, 10058, 0, 0, 0, 1, NULL, 0, 0, 0);
REPLACE INTO `npc_vendor` VALUES (1070734, 0, 6416, 0, 0, 0, 1, NULL, 0, 0, 0);
REPLACE INTO `npc_vendor` VALUES (1070734, 0, 18295, 0, 0, 0, 1, NULL, 0, 0, 0);
REPLACE INTO `npc_vendor` VALUES (1070734, 0, 24590, 0, 0, 0, 1, NULL, 0, 0, 0);
REPLACE INTO `npc_vendor` VALUES (1070734, 0, 55, 0, 0, 0, 1, NULL, 0, 0, 0);
REPLACE INTO `npc_vendor` VALUES (1070734, 0, 6836, 0, 0, 0, 1, NULL, 0, 0, 0);
REPLACE INTO `npc_vendor` VALUES (1070734, 0, 840, 0, 0, 0, 1, NULL, 0, 0, 0);
REPLACE INTO `npc_vendor` VALUES (1070734, 0, 9845, 0, 0, 0, 1, NULL, 0, 0, 0);
REPLACE INTO `npc_vendor` VALUES (1070734, 0, 62195, 0, 0, 0, 1, NULL, 0, 0, 0);
REPLACE INTO `npc_vendor` VALUES (1070734, 0, 53159, 0, 0, 0, 1, NULL, 0, 0, 0);
REPLACE INTO `npc_vendor` VALUES (1070734, 0, 59252, 0, 0, 0, 1, NULL, 0, 0, 0);
REPLACE INTO `npc_vendor` VALUES (1070734, 0, 792, 0, 0, 0, 1, NULL, 0, 0, 0);
REPLACE INTO `npc_vendor` VALUES (1070734, 0, 1780, 0, 0, 0, 1, NULL, 0, 0, 0);
REPLACE INTO `npc_vendor` VALUES (1070734, 0, 7522, 0, 0, 0, 1, NULL, 0, 0, 0);
REPLACE INTO `npc_vendor` VALUES (1070734, 0, 49406, 0, 0, 0, 1, NULL, 0, 0, 0);
REPLACE INTO `npc_vendor` VALUES (1070734, 0, 125068, 0, 0, 0, 1, NULL, 0, 0, 0);
REPLACE INTO `npc_vendor` VALUES (1070734, 0, 146881, 0, 0, 0, 1, NULL, 0, 0, 0);
REPLACE INTO `npc_vendor` VALUES (1070734, 0, 4312, 0, 0, 0, 1, NULL, 0, 0, 0);
REPLACE INTO `npc_vendor` VALUES (1070734, 0, 9743, 0, 0, 0, 1, NULL, 0, 0, 0);
REPLACE INTO `npc_vendor` VALUES (1070734, 0, 51, 0, 0, 0, 1, NULL, 0, 0, 0);
REPLACE INTO `npc_vendor` VALUES (1070734, 0, 7351, 0, 0, 0, 1, NULL, 0, 0, 0);
REPLACE INTO `npc_vendor` VALUES (1070734, 0, 24622, 0, 0, 0, 1, NULL, 0, 0, 0);
REPLACE INTO `npc_vendor` VALUES (1070734, 0, 2959, 0, 0, 0, 1, NULL, 0, 0, 0);
REPLACE INTO `npc_vendor` VALUES (1070734, 0, 2971, 0, 0, 0, 1, NULL, 0, 0, 0);
REPLACE INTO `npc_vendor` VALUES (1070734, 0, 43, 0, 0, 0, 1, NULL, 0, 0, 0);
REPLACE INTO `npc_vendor` VALUES (1070734, 0, 4047, 0, 0, 0, 1, NULL, 0, 0, 0);
REPLACE INTO `npc_vendor` VALUES (1070734, 0, 13864, 0, 0, 0, 1, NULL, 0, 0, 0);
REPLACE INTO `npc_vendor` VALUES (1070734, 0, 10137, 0, 0, 0, 1, NULL, 0, 0, 0);
REPLACE INTO `npc_vendor` VALUES (1070734, 0, 100095, 0, 0, 0, 1, NULL, 0, 0, 0);
REPLACE INTO `npc_vendor` VALUES (1070733, 0, 20690, 0, 0, 0, 1, NULL, 0, 0, 0);
REPLACE INTO `npc_vendor` VALUES (1070733, 0, 31531, 0, 0, 0, 1, NULL, 0, 0, 0);
REPLACE INTO `npc_vendor` VALUES (1070733, 0, 53288, 0, 0, 0, 1, NULL, 0, 0, 0);
REPLACE INTO `npc_vendor` VALUES (1070733, 0, 3631, 0, 0, 0, 1, NULL, 0, 0, 0);
REPLACE INTO `npc_vendor` VALUES (1070733, 0, 161236, 0, 0, 0, 1, NULL, 0, 0, 0);
REPLACE INTO `npc_vendor` VALUES (1070733, 0, 161018, 0, 0, 0, 1, NULL, 0, 0, 0);
REPLACE INTO `npc_vendor` VALUES (1070733, 0, 157877, 0, 0, 0, 1, NULL, 0, 0, 0);
REPLACE INTO `npc_vendor` VALUES (1070733, 0, 72662, 0, 0, 0, 1, NULL, 0, 0, 0);
REPLACE INTO `npc_vendor` VALUES (1070733, 0, 43855, 0, 0, 0, 1, NULL, 0, 0, 0);
REPLACE INTO `npc_vendor` VALUES (1070733, 0, 39332, 0, 0, 0, 1, NULL, 0, 0, 0);
REPLACE INTO `npc_vendor` VALUES (1070733, 0, 36058, 0, 0, 0, 1, NULL, 0, 0, 0);
REPLACE INTO `npc_vendor` VALUES (1070733, 0, 37113, 0, 0, 0, 1, NULL, 0, 0, 0);
REPLACE INTO `npc_vendor` VALUES (1070733, 0, 30265, 0, 0, 0, 1, NULL, 0, 0, 0);
REPLACE INTO `npc_vendor` VALUES (1070733, 0, 13409, 0, 0, 0, 1, NULL, 0, 0, 0);
REPLACE INTO `npc_vendor` VALUES (1070733, 0, 24676, 0, 0, 0, 1, NULL, 0, 0, 0);
REPLACE INTO `npc_vendor` VALUES (1070733, 0, 14291, 0, 0, 0, 1, NULL, 0, 0, 0);
REPLACE INTO `npc_vendor` VALUES (1070733, 0, 129225, 0, 0, 0, 1, NULL, 0, 0, 0);
REPLACE INTO `npc_vendor` VALUES (1070733, 0, 53577, 0, 0, 0, 1, NULL, 0, 0, 0);
REPLACE INTO `npc_vendor` VALUES (1070733, 0, 64547, 0, 0, 0, 1, NULL, 0, 0, 0);
REPLACE INTO `npc_vendor` VALUES (1070733, 0, 109864, 0, 0, 0, 1, NULL, 0, 0, 0);
REPLACE INTO `npc_vendor` VALUES (1070733, 0, 118824, 0, 0, 0, 1, NULL, 0, 0, 0);
REPLACE INTO `npc_vendor` VALUES (1070733, 0, 114432, 0, 0, 0, 1, NULL, 0, 0, 0);
REPLACE INTO `npc_vendor` VALUES (1070733, 0, 92877, 0, 0, 0, 1, NULL, 0, 0, 0);
REPLACE INTO `npc_vendor` VALUES (1070733, 0, 81064, 0, 0, 0, 1, NULL, 0, 0, 0);
REPLACE INTO `npc_vendor` VALUES (1070733, 0, 92862, 0, 0, 0, 1, NULL, 0, 0, 0);
REPLACE INTO `npc_vendor` VALUES (1070733, 0, 128084, 0, 0, 0, 1, NULL, 0, 0, 0);
REPLACE INTO `npc_vendor` VALUES (1070733, 0, 124906, 0, 0, 0, 1, NULL, 0, 0, 0);
REPLACE INTO `npc_vendor` VALUES (1070733, 0, 125384, 0, 0, 0, 1, NULL, 0, 0, 0);
REPLACE INTO `npc_vendor` VALUES (1070733, 0, 121602, 0, 0, 0, 1, NULL, 0, 0, 0);
REPLACE INTO `npc_vendor` VALUES (1070733, 0, 24249, 0, 0, 0, 1, NULL, 0, 0, 0);
REPLACE INTO `npc_vendor` VALUES (1070733, 0, 60711, 0, 0, 0, 1, NULL, 0, 0, 0);
REPLACE INTO `npc_vendor` VALUES (1070733, 0, 24692, 0, 0, 0, 1, NULL, 0, 0, 0);
REPLACE INTO `npc_vendor` VALUES (1070733, 0, 10256, 0, 0, 0, 1, NULL, 0, 0, 0);
REPLACE INTO `npc_vendor` VALUES (1070733, 0, 13537, 0, 0, 0, 1, NULL, 0, 0, 0);
REPLACE INTO `npc_vendor` VALUES (1070733, 0, 22004, 0, 0, 0, 1, NULL, 0, 0, 0);
REPLACE INTO `npc_vendor` VALUES (1070733, 0, 11764, 0, 0, 0, 1, NULL, 0, 0, 0);
REPLACE INTO `npc_vendor` VALUES (1070733, 0, 30944, 0, 0, 0, 1, NULL, 0, 0, 0);
REPLACE INTO `npc_vendor` VALUES (1070733, 0, 55635, 0, 0, 0, 1, NULL, 0, 0, 0);
REPLACE INTO `npc_vendor` VALUES (1070733, 0, 56483, 0, 0, 0, 1, NULL, 0, 0, 0);
REPLACE INTO `npc_vendor` VALUES (1070733, 0, 57372, 0, 0, 0, 1, NULL, 0, 0, 0);
REPLACE INTO `npc_vendor` VALUES (1070733, 0, 59677, 0, 0, 0, 1, NULL, 0, 0, 0);
REPLACE INTO `npc_vendor` VALUES (1070733, 0, 44339, 0, 0, 0, 1, NULL, 0, 0, 0);
REPLACE INTO `npc_vendor` VALUES (1070733, 0, 36098, 0, 0, 0, 1, NULL, 0, 0, 0);
REPLACE INTO `npc_vendor` VALUES (1070733, 0, 36082, 0, 0, 0, 1, NULL, 0, 0, 0);
REPLACE INTO `npc_vendor` VALUES (1070733, 0, 59195, 0, 0, 0, 1, NULL, 0, 0, 0);
REPLACE INTO `npc_vendor` VALUES (1070733, 0, 22663, 0, 0, 0, 1, NULL, 0, 0, 0);
REPLACE INTO `npc_vendor` VALUES (1070733, 0, 19146, 0, 0, 0, 1, NULL, 0, 0, 0);
REPLACE INTO `npc_vendor` VALUES (1070733, 0, 13120, 0, 0, 0, 1, NULL, 0, 0, 0);
REPLACE INTO `npc_vendor` VALUES (1070733, 0, 65846, 0, 0, 0, 1, NULL, 0, 0, 0);
REPLACE INTO `npc_vendor` VALUES (1070733, 0, 63753, 0, 0, 0, 1, NULL, 0, 0, 0);
REPLACE INTO `npc_vendor` VALUES (1070733, 0, 160387, 0, 0, 0, 1, NULL, 0, 0, 0);
REPLACE INTO `npc_vendor` VALUES (1070733, 0, 158013, 0, 0, 0, 1, NULL, 0, 0, 0);
REPLACE INTO `npc_vendor` VALUES (1070733, 0, 154478, 0, 0, 0, 1, NULL, 0, 0, 0);
REPLACE INTO `npc_vendor` VALUES (1070733, 0, 63629, 0, 0, 0, 1, NULL, 0, 0, 0);
REPLACE INTO `npc_vendor` VALUES (1070733, 0, 131432, 0, 0, 0, 1, NULL, 0, 0, 0);
REPLACE INTO `npc_vendor` VALUES (1070733, 0, 63016, 0, 0, 0, 1, NULL, 0, 0, 0);
REPLACE INTO `npc_vendor` VALUES (1070733, 0, 101035, 0, 0, 0, 1, NULL, 0, 0, 0);
REPLACE INTO `npc_vendor` VALUES (1070733, 0, 101211, 0, 0, 0, 1, NULL, 0, 0, 0);
REPLACE INTO `npc_vendor` VALUES (1070733, 0, 83712, 0, 0, 0, 1, NULL, 0, 0, 0);
REPLACE INTO `npc_vendor` VALUES (1070733, 0, 24772, 0, 0, 0, 1, NULL, 0, 0, 0);
REPLACE INTO `npc_vendor` VALUES (1070733, 0, 24708, 0, 0, 0, 1, NULL, 0, 0, 0);
REPLACE INTO `npc_vendor` VALUES (1070733, 0, 6556, 0, 0, 0, 1, NULL, 0, 0, 0);
REPLACE INTO `npc_vendor` VALUES (1070733, 0, 53297, 0, 0, 0, 1, NULL, 0, 0, 0);
REPLACE INTO `npc_vendor` VALUES (1070733, 0, 59303, 0, 0, 0, 1, NULL, 0, 0, 0);
REPLACE INTO `npc_vendor` VALUES (1070733, 0, 145097, 0, 0, 0, 1, NULL, 0, 0, 0);
REPLACE INTO `npc_vendor` VALUES (1070733, 0, 31431, 0, 0, 0, 1, NULL, 0, 0, 0);
REPLACE INTO `npc_vendor` VALUES (1070733, 0, 10156, 0, 0, 0, 1, NULL, 0, 0, 0);
REPLACE INTO `npc_vendor` VALUES (1070733, 0, 10191, 0, 0, 0, 1, NULL, 0, 0, 0);
REPLACE INTO `npc_vendor` VALUES (1070733, 0, 8264, 0, 0, 0, 1, NULL, 0, 0, 0);
REPLACE INTO `npc_vendor` VALUES (1070733, 0, 62946, 0, 0, 0, 1, NULL, 0, 0, 0);
REPLACE INTO `npc_vendor` VALUES (1070733, 0, 63556, 0, 0, 0, 1, NULL, 0, 0, 0);
REPLACE INTO `npc_vendor` VALUES (1070733, 0, 63004, 0, 0, 0, 1, NULL, 0, 0, 0);
REPLACE INTO `npc_vendor` VALUES (1070733, 0, 65327, 0, 0, 0, 1, NULL, 0, 0, 0);
REPLACE INTO `npc_vendor` VALUES (1070733, 0, 67217, 0, 0, 0, 1, NULL, 0, 0, 0);
REPLACE INTO `npc_vendor` VALUES (1070733, 0, 64527, 0, 0, 0, 1, NULL, 0, 0, 0);
REPLACE INTO `npc_vendor` VALUES (1070733, 0, 132552, 0, 0, 0, 1, NULL, 0, 0, 0);
REPLACE INTO `npc_vendor` VALUES (1070733, 0, 131283, 0, 0, 0, 1, NULL, 0, 0, 0);
REPLACE INTO `npc_vendor` VALUES (1070733, 0, 134208, 0, 0, 0, 1, NULL, 0, 0, 0);
REPLACE INTO `npc_vendor` VALUES (1070733, 0, 155482, 0, 0, 0, 1, NULL, 0, 0, 0);
REPLACE INTO `npc_vendor` VALUES (1070733, 0, 9811, 0, 0, 0, 1, NULL, 0, 0, 0);
REPLACE INTO `npc_vendor` VALUES (1070733, 0, 24885, 0, 0, 0, 1, NULL, 0, 0, 0);
REPLACE INTO `npc_vendor` VALUES (1070733, 0, 24861, 0, 0, 0, 1, NULL, 0, 0, 0);
REPLACE INTO `npc_vendor` VALUES (1070733, 0, 24877, 0, 0, 0, 1, NULL, 0, 0, 0);
REPLACE INTO `npc_vendor` VALUES (1070733, 0, 3212, 0, 0, 0, 1, NULL, 0, 0, 0);
REPLACE INTO `npc_vendor` VALUES (1070733, 0, 106614, 0, 0, 0, 1, NULL, 0, 0, 0);
REPLACE INTO `npc_vendor` VALUES (1070733, 0, 114710, 0, 0, 0, 1, NULL, 0, 0, 0);
REPLACE INTO `npc_vendor` VALUES (1070733, 0, 114742, 0, 0, 0, 1, NULL, 0, 0, 0);
REPLACE INTO `npc_vendor` VALUES (1070733, 0, 159364, 0, 0, 0, 1, NULL, 0, 0, 0);
REPLACE INTO `npc_vendor` VALUES (1070733, 0, 159356, 0, 0, 0, 1, NULL, 0, 0, 0);
REPLACE INTO `npc_vendor` VALUES (1070733, 0, 24981, 0, 0, 0, 1, NULL, 0, 0, 0);
REPLACE INTO `npc_vendor` VALUES (1070733, 0, 4118, 0, 0, 0, 1, NULL, 0, 0, 0);
REPLACE INTO `npc_vendor` VALUES (1070733, 0, 161239, 0, 0, 0, 1, NULL, 0, 0, 0);
REPLACE INTO `npc_vendor` VALUES (1070733, 0, 157966, 0, 0, 0, 1, NULL, 0, 0, 0);
REPLACE INTO `npc_vendor` VALUES (1070733, 0, 161036, 0, 0, 0, 1, NULL, 0, 0, 0);
REPLACE INTO `npc_vendor` VALUES (1070733, 0, 158630, 0, 0, 0, 1, NULL, 0, 0, 0);
REPLACE INTO `npc_vendor` VALUES (1070733, 0, 158056, 0, 0, 0, 1, NULL, 0, 0, 0);
REPLACE INTO `npc_vendor` VALUES (1070733, 0, 157992, 0, 0, 0, 1, NULL, 0, 0, 0);
REPLACE INTO `npc_vendor` VALUES (1070733, 0, 134658, 0, 0, 0, 1, NULL, 0, 0, 0);
REPLACE INTO `npc_vendor` VALUES (1070733, 0, 169288, 0, 0, 0, 1, NULL, 0, 0, 0);
REPLACE INTO `npc_vendor` VALUES (1070733, 0, 164538, 0, 0, 0, 1, NULL, 0, 0, 0);
REPLACE INTO `npc_vendor` VALUES (1070733, 0, 118148, 0, 0, 0, 1, NULL, 0, 0, 0);
REPLACE INTO `npc_vendor` VALUES (1070733, 0, 116805, 0, 0, 0, 1, NULL, 0, 0, 0);
REPLACE INTO `npc_vendor` VALUES (1070733, 0, 106629, 0, 0, 0, 1, NULL, 0, 0, 0);
REPLACE INTO `npc_vendor` VALUES (1070733, 0, 106464, 0, 0, 0, 1, NULL, 0, 0, 0);
REPLACE INTO `npc_vendor` VALUES (1070733, 0, 112469, 0, 0, 0, 1, NULL, 0, 0, 0);
REPLACE INTO `npc_vendor` VALUES (1070733, 0, 106530, 0, 0, 0, 1, NULL, 0, 0, 0);
REPLACE INTO `npc_vendor` VALUES (1070733, 0, 10202, 0, 0, 0, 1, NULL, 0, 0, 0);
REPLACE INTO `npc_vendor` VALUES (1070733, 0, 119385, 0, 0, 0, 1, NULL, 0, 0, 0);
REPLACE INTO `npc_vendor` VALUES (1070733, 0, 109876, 0, 0, 0, 1, NULL, 0, 0, 0);
REPLACE INTO `npc_vendor` VALUES (1070733, 0, 173487, 0, 0, 0, 1, NULL, 0, 0, 0);
REPLACE INTO `npc_vendor` VALUES (1070733, 0, 174177, 0, 0, 0, 1, NULL, 0, 0, 0);
REPLACE INTO `npc_vendor` VALUES (1070733, 0, 64683, 0, 0, 0, 1, NULL, 0, 0, 0);
REPLACE INTO `npc_vendor` VALUES (1070732, 0, 5606, 0, 0, 0, 1, NULL, 0, 0, 0);
REPLACE INTO `npc_vendor` VALUES (1070732, 0, 55020, 0, 0, 0, 1, NULL, 0, 0, 0);
REPLACE INTO `npc_vendor` VALUES (1070732, 0, 52878, 0, 0, 0, 1, NULL, 0, 0, 0);
REPLACE INTO `npc_vendor` VALUES (1070732, 0, 3308, 0, 0, 0, 1, NULL, 0, 0, 0);
REPLACE INTO `npc_vendor` VALUES (1070732, 0, 14117, 0, 0, 0, 1, NULL, 0, 0, 0);
REPLACE INTO `npc_vendor` VALUES (1070732, 0, 3290, 0, 0, 0, 1, NULL, 0, 0, 0);
REPLACE INTO `npc_vendor` VALUES (1070732, 0, 31181, 0, 0, 0, 1, NULL, 0, 0, 0);
REPLACE INTO `npc_vendor` VALUES (1070732, 0, 4318, 0, 0, 0, 1, NULL, 0, 0, 0);
REPLACE INTO `npc_vendor` VALUES (1070732, 0, 14101, 0, 0, 0, 1, NULL, 0, 0, 0);
REPLACE INTO `npc_vendor` VALUES (1070732, 0, 203, 0, 0, 0, 1, NULL, 0, 0, 0);
REPLACE INTO `npc_vendor` VALUES (1070732, 0, 160088, 0, 0, 0, 1, NULL, 0, 0, 0);
REPLACE INTO `npc_vendor` VALUES (1070732, 0, 81494, 0, 0, 0, 1, NULL, 0, 0, 0);
REPLACE INTO `npc_vendor` VALUES (1070732, 0, 81970, 0, 0, 0, 1, NULL, 0, 0, 0);
REPLACE INTO `npc_vendor` VALUES (1070732, 0, 84247, 0, 0, 0, 1, NULL, 0, 0, 0);
REPLACE INTO `npc_vendor` VALUES (1070732, 0, 31418, 0, 0, 0, 1, NULL, 0, 0, 0);
REPLACE INTO `npc_vendor` VALUES (1070732, 0, 9848, 0, 0, 0, 1, NULL, 0, 0, 0);
REPLACE INTO `npc_vendor` VALUES (1070732, 0, 8287, 0, 0, 0, 1, NULL, 0, 0, 0);
REPLACE INTO `npc_vendor` VALUES (1070732, 0, 36022, 0, 0, 0, 1, NULL, 0, 0, 0);
REPLACE INTO `npc_vendor` VALUES (1070732, 0, 44396, 0, 0, 0, 1, NULL, 0, 0, 0);
REPLACE INTO `npc_vendor` VALUES (1070732, 0, 41516, 0, 0, 0, 1, NULL, 0, 0, 0);
REPLACE INTO `npc_vendor` VALUES (1070732, 0, 127590, 0, 0, 0, 1, NULL, 0, 0, 0);
REPLACE INTO `npc_vendor` VALUES (1070732, 0, 44211, 0, 0, 0, 1, NULL, 0, 0, 0);
REPLACE INTO `npc_vendor` VALUES (1070732, 0, 36030, 0, 0, 0, 1, NULL, 0, 0, 0);
REPLACE INTO `npc_vendor` VALUES (1070732, 0, 146878, 0, 0, 0, 1, NULL, 0, 0, 0);
REPLACE INTO `npc_vendor` VALUES (1070732, 0, 146787, 0, 0, 0, 1, NULL, 0, 0, 0);
REPLACE INTO `npc_vendor` VALUES (1070732, 0, 62148, 0, 0, 0, 1, NULL, 0, 0, 0);
REPLACE INTO `npc_vendor` VALUES (1070732, 0, 61570, 0, 0, 0, 1, NULL, 0, 0, 0);
REPLACE INTO `npc_vendor` VALUES (1070732, 0, 55952, 0, 0, 0, 1, NULL, 0, 0, 0);
REPLACE INTO `npc_vendor` VALUES (1070732, 0, 113033, 0, 0, 0, 1, NULL, 0, 0, 0);
REPLACE INTO `npc_vendor` VALUES (1070732, 0, 106508, 0, 0, 0, 1, NULL, 0, 0, 0);
REPLACE INTO `npc_vendor` VALUES (1070732, 0, 106541, 0, 0, 0, 1, NULL, 0, 0, 0);
REPLACE INTO `npc_vendor` VALUES (1070732, 0, 14431, 0, 0, 0, 1, NULL, 0, 0, 0);
REPLACE INTO `npc_vendor` VALUES (1070732, 0, 10023, 0, 0, 0, 1, NULL, 0, 0, 0);
REPLACE INTO `npc_vendor` VALUES (1070732, 0, 14262, 0, 0, 0, 1, NULL, 0, 0, 0);
REPLACE INTO `npc_vendor` VALUES (1070732, 0, 18306, 0, 0, 0, 1, NULL, 0, 0, 0);
REPLACE INTO `npc_vendor` VALUES (1070732, 0, 14272, 0, 0, 0, 1, NULL, 0, 0, 0);
REPLACE INTO `npc_vendor` VALUES (1070732, 0, 6565, 0, 0, 0, 1, NULL, 0, 0, 0);
REPLACE INTO `npc_vendor` VALUES (1070732, 0, 6615, 0, 0, 0, 1, NULL, 0, 0, 0);
REPLACE INTO `npc_vendor` VALUES (1070732, 0, 14168, 0, 0, 0, 1, NULL, 0, 0, 0);
REPLACE INTO `npc_vendor` VALUES (1070732, 0, 163428, 0, 0, 0, 1, NULL, 0, 0, 0);
REPLACE INTO `npc_vendor` VALUES (1070732, 0, 7285, 0, 0, 0, 1, NULL, 0, 0, 0);
REPLACE INTO `npc_vendor` VALUES (1070732, 0, 21012, 0, 0, 0, 1, NULL, 0, 0, 0);
REPLACE INTO `npc_vendor` VALUES (1070732, 0, 2125, 0, 0, 0, 1, NULL, 0, 0, 0);
REPLACE INTO `npc_vendor` VALUES (1070732, 0, 131815, 0, 0, 0, 1, NULL, 0, 0, 0);
REPLACE INTO `npc_vendor` VALUES (1070732, 0, 9518, 0, 0, 0, 1, NULL, 0, 0, 0);
REPLACE INTO `npc_vendor` VALUES (1070732, 0, 131647, 0, 0, 0, 1, NULL, 0, 0, 0);
REPLACE INTO `npc_vendor` VALUES (1070732, 0, 61519, 0, 0, 0, 1, NULL, 0, 0, 0);
REPLACE INTO `npc_vendor` VALUES (1070732, 0, 53236, 0, 0, 0, 1, NULL, 0, 0, 0);
REPLACE INTO `npc_vendor` VALUES (1070732, 0, 25578, 0, 0, 0, 1, NULL, 0, 0, 0);
REPLACE INTO `npc_vendor` VALUES (1070732, 0, 25685, 0, 0, 0, 1, NULL, 0, 0, 0);
REPLACE INTO `npc_vendor` VALUES (1070732, 0, 25674, 0, 0, 0, 1, NULL, 0, 0, 0);
REPLACE INTO `npc_vendor` VALUES (1070732, 0, 9780, 0, 0, 0, 1, NULL, 0, 0, 0);
REPLACE INTO `npc_vendor` VALUES (1070732, 0, 6554, 0, 0, 0, 1, NULL, 0, 0, 0);
REPLACE INTO `npc_vendor` VALUES (1070732, 0, 24768, 0, 0, 0, 1, NULL, 0, 0, 0);
REPLACE INTO `npc_vendor` VALUES (1070732, 0, 56841, 0, 0, 0, 1, NULL, 0, 0, 0);
REPLACE INTO `npc_vendor` VALUES (1070732, 0, 63224, 0, 0, 0, 1, NULL, 0, 0, 0);
REPLACE INTO `npc_vendor` VALUES (1070732, 0, 131653, 0, 0, 0, 1, NULL, 0, 0, 0);
REPLACE INTO `npc_vendor` VALUES (1070732, 0, 15016, 0, 0, 0, 1, NULL, 0, 0, 0);
REPLACE INTO `npc_vendor` VALUES (1070732, 0, 15334, 0, 0, 0, 1, NULL, 0, 0, 0);
REPLACE INTO `npc_vendor` VALUES (1070732, 0, 15149, 0, 0, 0, 1, NULL, 0, 0, 0);
REPLACE INTO `npc_vendor` VALUES (1070732, 0, 7756, 0, 0, 0, 1, NULL, 0, 0, 0);
REPLACE INTO `npc_vendor` VALUES (1070732, 0, 112438, 0, 0, 0, 1, NULL, 0, 0, 0);
REPLACE INTO `npc_vendor` VALUES (1070732, 0, 112595, 0, 0, 0, 1, NULL, 0, 0, 0);
REPLACE INTO `npc_vendor` VALUES (1070732, 0, 106138, 0, 0, 0, 1, NULL, 0, 0, 0);
REPLACE INTO `npc_vendor` VALUES (1070732, 0, 55662, 0, 0, 0, 1, NULL, 0, 0, 0);
REPLACE INTO `npc_vendor` VALUES (1070732, 0, 61432, 0, 0, 0, 1, NULL, 0, 0, 0);
REPLACE INTO `npc_vendor` VALUES (1070732, 0, 59646, 0, 0, 0, 1, NULL, 0, 0, 0);
REPLACE INTO `npc_vendor` VALUES (1070732, 0, 57336, 0, 0, 0, 1, NULL, 0, 0, 0);
REPLACE INTO `npc_vendor` VALUES (1070732, 0, 139107, 0, 0, 0, 1, NULL, 0, 0, 0);
REPLACE INTO `npc_vendor` VALUES (1070732, 0, 129325, 0, 0, 0, 1, NULL, 0, 0, 0);
REPLACE INTO `npc_vendor` VALUES (1070732, 0, 130116, 0, 0, 0, 1, NULL, 0, 0, 0);
REPLACE INTO `npc_vendor` VALUES (1070732, 0, 129080, 0, 0, 0, 1, NULL, 0, 0, 0);
REPLACE INTO `npc_vendor` VALUES (1070732, 0, 7358, 0, 0, 0, 1, NULL, 0, 0, 0);
REPLACE INTO `npc_vendor` VALUES (1070732, 0, 4247, 0, 0, 0, 1, NULL, 0, 0, 0);
REPLACE INTO `npc_vendor` VALUES (1070732, 0, 888, 0, 0, 0, 1, NULL, 0, 0, 0);
REPLACE INTO `npc_vendor` VALUES (1070732, 0, 29506, 0, 0, 0, 1, NULL, 0, 0, 0);
REPLACE INTO `npc_vendor` VALUES (1070732, 0, 9806, 0, 0, 0, 1, NULL, 0, 0, 0);
REPLACE INTO `npc_vendor` VALUES (1070732, 0, 115202, 0, 0, 0, 1, NULL, 0, 0, 0);
REPLACE INTO `npc_vendor` VALUES (1070732, 0, 119979, 0, 0, 0, 1, NULL, 0, 0, 0);
REPLACE INTO `npc_vendor` VALUES (1070732, 0, 55844, 0, 0, 0, 1, NULL, 0, 0, 0);
REPLACE INTO `npc_vendor` VALUES (1070732, 0, 55798, 0, 0, 0, 1, NULL, 0, 0, 0);
REPLACE INTO `npc_vendor` VALUES (1070732, 0, 58138, 0, 0, 0, 1, NULL, 0, 0, 0);
REPLACE INTO `npc_vendor` VALUES (1070732, 0, 62381, 0, 0, 0, 1, NULL, 0, 0, 0);
REPLACE INTO `npc_vendor` VALUES (1070732, 0, 9813, 0, 0, 0, 1, NULL, 0, 0, 0);
REPLACE INTO `npc_vendor` VALUES (1070732, 0, 6906, 0, 0, 0, 1, NULL, 0, 0, 0);
REPLACE INTO `npc_vendor` VALUES (1070732, 0, 24341, 0, 0, 0, 1, NULL, 0, 0, 0);
REPLACE INTO `npc_vendor` VALUES (1070732, 0, 9787, 0, 0, 0, 1, NULL, 0, 0, 0);
REPLACE INTO `npc_vendor` VALUES (1070732, 0, 39444, 0, 0, 0, 1, NULL, 0, 0, 0);
REPLACE INTO `npc_vendor` VALUES (1070732, 0, 37439, 0, 0, 0, 1, NULL, 0, 0, 0);
REPLACE INTO `npc_vendor` VALUES (1070732, 0, 43976, 0, 0, 0, 1, NULL, 0, 0, 0);
REPLACE INTO `npc_vendor` VALUES (1070732, 0, 24873, 0, 0, 0, 1, NULL, 0, 0, 0);
REPLACE INTO `npc_vendor` VALUES (1070732, 0, 24849, 0, 0, 0, 1, NULL, 0, 0, 0);
REPLACE INTO `npc_vendor` VALUES (1070732, 0, 4004, 0, 0, 0, 1, NULL, 0, 0, 0);
REPLACE INTO `npc_vendor` VALUES (1070732, 0, 3047, 0, 0, 0, 1, NULL, 0, 0, 0);
REPLACE INTO `npc_vendor` VALUES (1070732, 0, 106417, 0, 0, 0, 1, NULL, 0, 0, 0);
REPLACE INTO `npc_vendor` VALUES (1070732, 0, 106170, 0, 0, 0, 1, NULL, 0, 0, 0);
REPLACE INTO `npc_vendor` VALUES (1070732, 0, 106549, 0, 0, 0, 1, NULL, 0, 0, 0);
REPLACE INTO `npc_vendor` VALUES (1070732, 0, 56881, 0, 0, 0, 1, NULL, 0, 0, 0);
REPLACE INTO `npc_vendor` VALUES (1070732, 0, 63661, 0, 0, 0, 1, NULL, 0, 0, 0);
REPLACE INTO `npc_vendor` VALUES (1070732, 0, 63232, 0, 0, 0, 1, NULL, 0, 0, 0);
REPLACE INTO `npc_vendor` VALUES (1070732, 0, 123257, 0, 0, 0, 1, NULL, 0, 0, 0);
REPLACE INTO `npc_vendor` VALUES (1070732, 0, 114385, 0, 0, 0, 1, NULL, 0, 0, 0);
REPLACE INTO `npc_vendor` VALUES (1070732, 0, 109863, 0, 0, 0, 1, NULL, 0, 0, 0);
REPLACE INTO `npc_vendor` VALUES (1070732, 0, 53565, 0, 0, 0, 1, NULL, 0, 0, 0);
REPLACE INTO `npc_vendor` VALUES (1070732, 0, 59375, 0, 0, 0, 1, NULL, 0, 0, 0);
REPLACE INTO `npc_vendor` VALUES (1070732, 0, 114688, 0, 0, 0, 1, NULL, 0, 0, 0);
REPLACE INTO `npc_vendor` VALUES (1070732, 0, 106589, 0, 0, 0, 1, NULL, 0, 0, 0);
REPLACE INTO `npc_vendor` VALUES (1070732, 0, 106622, 0, 0, 0, 1, NULL, 0, 0, 0);
REPLACE INTO `npc_vendor` VALUES (1070732, 0, 55026, 0, 0, 0, 1, NULL, 0, 0, 0);
REPLACE INTO `npc_vendor` VALUES (1070732, 0, 62987, 0, 0, 0, 1, NULL, 0, 0, 0);
REPLACE INTO `npc_vendor` VALUES (1070732, 0, 33256, 0, 0, 0, 1, NULL, 0, 0, 0);
REPLACE INTO `npc_vendor` VALUES (1070732, 0, 61454, 0, 0, 0, 1, NULL, 0, 0, 0);
REPLACE INTO `npc_vendor` VALUES (1070732, 0, 55521, 0, 0, 0, 1, NULL, 0, 0, 0);
REPLACE INTO `npc_vendor` VALUES (1070732, 0, 57284, 0, 0, 0, 1, NULL, 0, 0, 0);
REPLACE INTO `npc_vendor` VALUES (1070732, 0, 23078, 0, 0, 0, 1, NULL, 0, 0, 0);
REPLACE INTO `npc_vendor` VALUES (1070732, 0, 169282, 0, 0, 0, 1, NULL, 0, 0, 0);
REPLACE INTO `npc_vendor` VALUES (1070732, 0, 7938, 0, 0, 0, 1, NULL, 0, 0, 0);
REPLACE INTO `npc_vendor` VALUES (1070732, 0, 11745, 0, 0, 0, 1, NULL, 0, 0, 0);
REPLACE INTO `npc_vendor` VALUES (1070732, 0, 31176, 0, 0, 0, 1, NULL, 0, 0, 0);
REPLACE INTO `npc_vendor` VALUES (1070731, 0, 24665, 0, 0, 0, 1, NULL, 0, 0, 0);
REPLACE INTO `npc_vendor` VALUES (1070731, 0, 10782, 0, 0, 0, 1, NULL, 0, 0, 0);
REPLACE INTO `npc_vendor` VALUES (1070731, 0, 14401, 0, 0, 0, 1, NULL, 0, 0, 0);
REPLACE INTO `npc_vendor` VALUES (1070731, 0, 14111, 0, 0, 0, 1, NULL, 0, 0, 0);
REPLACE INTO `npc_vendor` VALUES (1070731, 0, 33232, 0, 0, 0, 1, NULL, 0, 0, 0);
REPLACE INTO `npc_vendor` VALUES (1070731, 0, 7048, 0, 0, 0, 1, NULL, 0, 0, 0);
REPLACE INTO `npc_vendor` VALUES (1070731, 0, 2620, 0, 0, 0, 1, NULL, 0, 0, 0);
REPLACE INTO `npc_vendor` VALUES (1070731, 0, 9849, 0, 0, 0, 1, NULL, 0, 0, 0);
REPLACE INTO `npc_vendor` VALUES (1070731, 0, 4323, 0, 0, 0, 1, NULL, 0, 0, 0);
REPLACE INTO `npc_vendor` VALUES (1070731, 0, 113801, 0, 0, 0, 1, NULL, 0, 0, 0);
REPLACE INTO `npc_vendor` VALUES (1070731, 0, 137502, 0, 0, 0, 1, NULL, 0, 0, 0);
REPLACE INTO `npc_vendor` VALUES (1070731, 0, 29986, 0, 0, 0, 1, NULL, 0, 0, 0);
REPLACE INTO `npc_vendor` VALUES (1070731, 0, 30206, 0, 0, 0, 1, NULL, 0, 0, 0);
REPLACE INTO `npc_vendor` VALUES (1070731, 0, 121186, 0, 0, 0, 1, NULL, 0, 0, 0);
REPLACE INTO `npc_vendor` VALUES (1070731, 0, 121076, 0, 0, 0, 1, NULL, 0, 0, 0);
REPLACE INTO `npc_vendor` VALUES (1070731, 0, 129311, 0, 0, 0, 1, NULL, 0, 0, 0);
REPLACE INTO `npc_vendor` VALUES (1070731, 0, 141622, 0, 0, 0, 1, NULL, 0, 0, 0);
REPLACE INTO `npc_vendor` VALUES (1070731, 0, 155180, 0, 0, 0, 1, NULL, 0, 0, 0);
REPLACE INTO `npc_vendor` VALUES (1070731, 0, 154853, 0, 0, 0, 1, NULL, 0, 0, 0);
REPLACE INTO `npc_vendor` VALUES (1070731, 0, 159171, 0, 0, 0, 1, NULL, 0, 0, 0);
REPLACE INTO `npc_vendor` VALUES (1070731, 0, 157881, 0, 0, 0, 1, NULL, 0, 0, 0);
REPLACE INTO `npc_vendor` VALUES (1070731, 0, 157945, 0, 0, 0, 1, NULL, 0, 0, 0);
REPLACE INTO `npc_vendor` VALUES (1070731, 0, 160132, 0, 0, 0, 1, NULL, 0, 0, 0);
REPLACE INTO `npc_vendor` VALUES (1070731, 0, 63601, 0, 0, 0, 1, NULL, 0, 0, 0);
REPLACE INTO `npc_vendor` VALUES (1070731, 0, 63213, 0, 0, 0, 1, NULL, 0, 0, 0);
REPLACE INTO `npc_vendor` VALUES (1070731, 0, 63152, 0, 0, 0, 1, NULL, 0, 0, 0);
REPLACE INTO `npc_vendor` VALUES (1070731, 0, 114389, 0, 0, 0, 1, NULL, 0, 0, 0);
REPLACE INTO `npc_vendor` VALUES (1070731, 0, 114450, 0, 0, 0, 1, NULL, 0, 0, 0);
REPLACE INTO `npc_vendor` VALUES (1070731, 0, 137479, 0, 0, 0, 1, NULL, 0, 0, 0);
REPLACE INTO `npc_vendor` VALUES (1070731, 0, 124296, 0, 0, 0, 1, NULL, 0, 0, 0);
REPLACE INTO `npc_vendor` VALUES (1070731, 0, 126316, 0, 0, 0, 1, NULL, 0, 0, 0);
REPLACE INTO `npc_vendor` VALUES (1070731, 0, 125264, 0, 0, 0, 1, NULL, 0, 0, 0);
REPLACE INTO `npc_vendor` VALUES (1070730, 0, 3892, 0, 0, 0, 1, NULL, 0, 0, 0);
REPLACE INTO `npc_vendor` VALUES (1070730, 0, 3889, 0, 0, 0, 1, NULL, 0, 0, 0);
REPLACE INTO `npc_vendor` VALUES (1070730, 0, 23587, 0, 0, 0, 1, NULL, 0, 0, 0);
REPLACE INTO `npc_vendor` VALUES (1070730, 0, 8292, 0, 0, 0, 1, NULL, 0, 0, 0);
REPLACE INTO `npc_vendor` VALUES (1070730, 0, 117483, 0, 0, 0, 1, NULL, 0, 0, 0);
REPLACE INTO `npc_vendor` VALUES (1070730, 0, 10250, 0, 0, 0, 1, NULL, 0, 0, 0);
REPLACE INTO `npc_vendor` VALUES (1070730, 0, 24593, 0, 0, 0, 1, NULL, 0, 0, 0);
REPLACE INTO `npc_vendor` VALUES (1070730, 0, 88710, 0, 0, 0, 1, NULL, 0, 0, 0);
REPLACE INTO `npc_vendor` VALUES (1070730, 0, 151353, 0, 0, 0, 1, NULL, 0, 0, 0);
REPLACE INTO `npc_vendor` VALUES (1070730, 0, 151352, 0, 0, 0, 1, NULL, 0, 0, 0);
REPLACE INTO `npc_vendor` VALUES (1070730, 0, 151354, 0, 0, 0, 1, NULL, 0, 0, 0);
REPLACE INTO `npc_vendor` VALUES (1070730, 0, 151355, 0, 0, 0, 1, NULL, 0, 0, 0);
REPLACE INTO `npc_vendor` VALUES (1070730, 0, 139133, 0, 0, 0, 1, NULL, 0, 0, 0);
REPLACE INTO `npc_vendor` VALUES (1070730, 0, 139134, 0, 0, 0, 1, NULL, 0, 0, 0);
REPLACE INTO `npc_vendor` VALUES (1070730, 0, 139135, 0, 0, 0, 1, NULL, 0, 0, 0);
REPLACE INTO `npc_vendor` VALUES (1070730, 0, 139136, 0, 0, 0, 1, NULL, 0, 0, 0);
REPLACE INTO `npc_vendor` VALUES (1070730, 0, 166844, 0, 0, 0, 1, NULL, 0, 0, 0);
REPLACE INTO `npc_vendor` VALUES (1070730, 0, 160289, 0, 0, 0, 1, NULL, 0, 0, 0);
REPLACE INTO `npc_vendor` VALUES (1070730, 0, 160290, 0, 0, 0, 1, NULL, 0, 0, 0);
REPLACE INTO `npc_vendor` VALUES (1070730, 0, 160286, 0, 0, 0, 1, NULL, 0, 0, 0);
REPLACE INTO `npc_vendor` VALUES (1070730, 0, 14293, 0, 0, 0, 1, NULL, 0, 0, 0);
REPLACE INTO `npc_vendor` VALUES (1070730, 0, 8254, 0, 0, 0, 1, NULL, 0, 0, 0);
REPLACE INTO `npc_vendor` VALUES (1070730, 0, 14332, 0, 0, 0, 1, NULL, 0, 0, 0);
REPLACE INTO `npc_vendor` VALUES (1070730, 0, 10219, 0, 0, 0, 1, NULL, 0, 0, 0);
REPLACE INTO `npc_vendor` VALUES (1070730, 0, 24649, 0, 0, 0, 1, NULL, 0, 0, 0);
REPLACE INTO `npc_vendor` VALUES (1070730, 0, 4373, 0, 0, 0, 1, NULL, 0, 0, 0);
REPLACE INTO `npc_vendor` VALUES (1070730, 0, 10503, 0, 0, 0, 1, NULL, 0, 0, 0);
REPLACE INTO `npc_vendor` VALUES (1070730, 0, 10500, 0, 0, 0, 1, NULL, 0, 0, 0);
REPLACE INTO `npc_vendor` VALUES (1070730, 0, 4368, 0, 0, 0, 1, NULL, 0, 0, 0);
REPLACE INTO `npc_vendor` VALUES (1070730, 0, 10499, 0, 0, 0, 1, NULL, 0, 0, 0);
REPLACE INTO `npc_vendor` VALUES (1070730, 0, 10545, 0, 0, 0, 1, NULL, 0, 0, 0);
REPLACE INTO `npc_vendor` VALUES (1070730, 0, 9653, 0, 0, 0, 1, NULL, 0, 0, 0);
REPLACE INTO `npc_vendor` VALUES (1070730, 0, 4393, 0, 0, 0, 1, NULL, 0, 0, 0);
REPLACE INTO `npc_vendor` VALUES (1070730, 0, 10033, 0, 0, 0, 1, NULL, 0, 0, 0);
REPLACE INTO `npc_vendor` VALUES (1070730, 0, 118918, 0, 0, 0, 1, NULL, 0, 0, 0);
REPLACE INTO `npc_vendor` VALUES (1070730, 0, 14421, 0, 0, 0, 1, NULL, 0, 0, 0);
REPLACE INTO `npc_vendor` VALUES (1070730, 0, 14228, 0, 0, 0, 1, NULL, 0, 0, 0);
REPLACE INTO `npc_vendor` VALUES (1070730, 0, 13866, 0, 0, 0, 1, NULL, 0, 0, 0);
REPLACE INTO `npc_vendor` VALUES (1070730, 0, 7050, 0, 0, 0, 1, NULL, 0, 0, 0);
REPLACE INTO `npc_vendor` VALUES (1070730, 0, 10024, 0, 0, 0, 1, NULL, 0, 0, 0);
REPLACE INTO `npc_vendor` VALUES (1070730, 0, 67108, 0, 0, 0, 1, NULL, 0, 0, 0);
REPLACE INTO `npc_vendor` VALUES (1070730, 0, 1008, 0, 0, 0, 1, NULL, 0, 0, 0);
REPLACE INTO `npc_vendor` VALUES (1070730, 0, 120431, 0, 0, 0, 1, NULL, 0, 0, 0);
REPLACE INTO `npc_vendor` VALUES (1070730, 0, 14263, 0, 0, 0, 1, NULL, 0, 0, 0);
REPLACE INTO `npc_vendor` VALUES (1070730, 0, 10025, 0, 0, 0, 1, NULL, 0, 0, 0);
REPLACE INTO `npc_vendor` VALUES (1070730, 0, 120435, 0, 0, 0, 1, NULL, 0, 0, 0);
REPLACE INTO `npc_vendor` VALUES (1070730, 0, 120437, 0, 0, 0, 1, NULL, 0, 0, 0);
REPLACE INTO `npc_vendor` VALUES (1070730, 0, 11839, 0, 0, 0, 1, NULL, 0, 0, 0);
REPLACE INTO `npc_vendor` VALUES (1070730, 0, 3075, 0, 0, 0, 1, NULL, 0, 0, 0);
REPLACE INTO `npc_vendor` VALUES (1070730, 0, 29979, 0, 0, 0, 1, NULL, 0, 0, 0);
REPLACE INTO `npc_vendor` VALUES (1070730, 0, 131683, 0, 0, 0, 1, NULL, 0, 0, 0);
REPLACE INTO `npc_vendor` VALUES (1070730, 0, 61604, 0, 0, 0, 1, NULL, 0, 0, 0);
REPLACE INTO `npc_vendor` VALUES (1070730, 0, 3893, 0, 0, 0, 1, NULL, 0, 0, 0);
REPLACE INTO `npc_vendor` VALUES (1070730, 0, 7413, 0, 0, 0, 1, NULL, 0, 0, 0);
REPLACE INTO `npc_vendor` VALUES (1070730, 0, 9859, 0, 0, 0, 1, NULL, 0, 0, 0);
REPLACE INTO `npc_vendor` VALUES (1070730, 0, 25617, 0, 0, 0, 1, NULL, 0, 0, 0);
REPLACE INTO `npc_vendor` VALUES (1070730, 0, 4543, 0, 0, 0, 1, NULL, 0, 0, 0);
REPLACE INTO `npc_vendor` VALUES (1070730, 0, 15391, 0, 0, 0, 1, NULL, 0, 0, 0);
REPLACE INTO `npc_vendor` VALUES (1070730, 0, 37404, 0, 0, 0, 1, NULL, 0, 0, 0);
REPLACE INTO `npc_vendor` VALUES (1070730, 0, 38010, 0, 0, 0, 1, NULL, 0, 0, 0);
REPLACE INTO `npc_vendor` VALUES (1070730, 0, 37986, 0, 0, 0, 1, NULL, 0, 0, 0);
REPLACE INTO `npc_vendor` VALUES (1070730, 0, 33244, 0, 0, 0, 1, NULL, 0, 0, 0);
REPLACE INTO `npc_vendor` VALUES (1070730, 0, 61566, 0, 0, 0, 1, NULL, 0, 0, 0);
REPLACE INTO `npc_vendor` VALUES (1070730, 0, 54937, 0, 0, 0, 1, NULL, 0, 0, 0);
REPLACE INTO `npc_vendor` VALUES (1070730, 0, 57456, 0, 0, 0, 1, NULL, 0, 0, 0);
REPLACE INTO `npc_vendor` VALUES (1070730, 0, 56505, 0, 0, 0, 1, NULL, 0, 0, 0);
REPLACE INTO `npc_vendor` VALUES (1070730, 0, 55674, 0, 0, 0, 1, NULL, 0, 0, 0);
REPLACE INTO `npc_vendor` VALUES (1070730, 0, 57291, 0, 0, 0, 1, NULL, 0, 0, 0);
REPLACE INTO `npc_vendor` VALUES (1070730, 0, 65807, 0, 0, 0, 1, NULL, 0, 0, 0);
REPLACE INTO `npc_vendor` VALUES (1070730, 0, 63755, 0, 0, 0, 1, NULL, 0, 0, 0);
REPLACE INTO `npc_vendor` VALUES (1070730, 0, 9921, 0, 0, 0, 1, NULL, 0, 0, 0);
REPLACE INTO `npc_vendor` VALUES (1070730, 0, 29931, 0, 0, 0, 1, NULL, 0, 0, 0);
REPLACE INTO `npc_vendor` VALUES (1070730, 0, 15384, 0, 0, 0, 1, NULL, 0, 0, 0);
REPLACE INTO `npc_vendor` VALUES (1070730, 0, 5753, 0, 0, 0, 1, NULL, 0, 0, 0);
REPLACE INTO `npc_vendor` VALUES (1070730, 0, 159212, 0, 0, 0, 1, NULL, 0, 0, 0);
REPLACE INTO `npc_vendor` VALUES (1070730, 0, 158017, 0, 0, 0, 1, NULL, 0, 0, 0);
REPLACE INTO `npc_vendor` VALUES (1070730, 0, 157985, 0, 0, 0, 1, NULL, 0, 0, 0);
REPLACE INTO `npc_vendor` VALUES (1070730, 0, 67203, 0, 0, 0, 1, NULL, 0, 0, 0);
REPLACE INTO `npc_vendor` VALUES (1070730, 0, 64611, 0, 0, 0, 1, NULL, 0, 0, 0);
REPLACE INTO `npc_vendor` VALUES (1070730, 0, 64610, 0, 0, 0, 1, NULL, 0, 0, 0);
REPLACE INTO `npc_vendor` VALUES (1070730, 0, 14795, 0, 0, 0, 1, NULL, 0, 0, 0);
REPLACE INTO `npc_vendor` VALUES (1070730, 0, 1624, 0, 0, 0, 1, NULL, 0, 0, 0);
REPLACE INTO `npc_vendor` VALUES (1070730, 0, 151440, 0, 0, 0, 1, NULL, 0, 0, 0);
REPLACE INTO `npc_vendor` VALUES (1070730, 0, 10241, 0, 0, 0, 1, NULL, 0, 0, 0);
REPLACE INTO `npc_vendor` VALUES (1070730, 0, 8317, 0, 0, 0, 1, NULL, 0, 0, 0);
REPLACE INTO `npc_vendor` VALUES (1070730, 0, 13359, 0, 0, 0, 1, NULL, 0, 0, 0);
REPLACE INTO `npc_vendor` VALUES (1070730, 0, 14925, 0, 0, 0, 1, NULL, 0, 0, 0);
REPLACE INTO `npc_vendor` VALUES (1070730, 0, 63222, 0, 0, 0, 1, NULL, 0, 0, 0);
REPLACE INTO `npc_vendor` VALUES (1070730, 0, 63572, 0, 0, 0, 1, NULL, 0, 0, 0);
REPLACE INTO `npc_vendor` VALUES (1070730, 0, 63620, 0, 0, 0, 1, NULL, 0, 0, 0);
REPLACE INTO `npc_vendor` VALUES (1070730, 0, 56861, 0, 0, 0, 1, NULL, 0, 0, 0);
REPLACE INTO `npc_vendor` VALUES (1070730, 0, 63218, 0, 0, 0, 1, NULL, 0, 0, 0);
REPLACE INTO `npc_vendor` VALUES (1070730, 0, 154843, 0, 0, 0, 1, NULL, 0, 0, 0);
REPLACE INTO `npc_vendor` VALUES (1070730, 0, 161883, 0, 0, 0, 1, NULL, 0, 0, 0);
REPLACE INTO `npc_vendor` VALUES (1070730, 0, 119775, 0, 0, 0, 1, NULL, 0, 0, 0);
REPLACE INTO `npc_vendor` VALUES (1070730, 0, 44040, 0, 0, 0, 1, NULL, 0, 0, 0);
REPLACE INTO `npc_vendor` VALUES (1070730, 0, 37633, 0, 0, 0, 1, NULL, 0, 0, 0);
REPLACE INTO `npc_vendor` VALUES (1070730, 0, 109989, 0, 0, 0, 1, NULL, 0, 0, 0);
REPLACE INTO `npc_vendor` VALUES (1070730, 0, 109988, 0, 0, 0, 1, NULL, 0, 0, 0);
REPLACE INTO `npc_vendor` VALUES (1070730, 0, 109987, 0, 0, 0, 1, NULL, 0, 0, 0);
REPLACE INTO `npc_vendor` VALUES (1070730, 0, 57277, 0, 0, 0, 1, NULL, 0, 0, 0);
REPLACE INTO `npc_vendor` VALUES (1070730, 0, 113696, 0, 0, 0, 1, NULL, 0, 0, 0);
REPLACE INTO `npc_vendor` VALUES (1070730, 0, 67050, 0, 0, 0, 1, NULL, 0, 0, 0);

