REPLACE INTO `gameobject_template` (`entry`, `type`, `displayId`, `name`, `IconName`, `castBarCaption`, `unk1`, `size`, `Data0`, `Data1`, `Data2`, `Data3`, `Data4`, `Data5`, `Data6`, `Data7`, `Data8`, `Data9`, `Data10`, `Data11`, `Data12`, `Data13`, `Data14`, `Data15`, `Data16`, `Data17`, `Data18`, `Data19`, `Data20`, `Data21`, `Data22`, `Data23`, `Data24`, `Data25`, `Data26`, `Data27`, `Data28`, `Data29`, `Data30`, `Data31`, `Data32`, `Data33`, `AIName`, `ScriptName`, `VerifiedBuild`, `updated`) VALUES (1002018, 0, 14368, 'Kellertür (stormwind_trapdoor)', '', '', '', 1, 0, 0, 5000, 0, 0, 0, 0, 0, 0, 0, 0, 0, 0, 0, 0, 0, 0, 0, 0, 0, 0, 0, 0, 0, 0, 0, 0, 0, 0, 0, 0, 0, 0, 0, '', 'go_housing_basement_door', -1, '2021-02-18 20:00:00');
REPLACE INTO `gameobject_template` (`entry`, `type`, `displayId`, `name`, `IconName`, `castBarCaption`, `unk1`, `size`, `Data0`, `Data1`, `Data2`, `Data3`, `Data4`, `Data5`, `Data6`, `Data7`, `Data8`, `Data9`, `Data10`, `Data11`, `Data12`, `Data13`, `Data14`, `Data15`, `Data16`, `Data17`, `Data18`, `Data19`, `Data20`, `Data21`, `Data22`, `Data23`, `Data24`, `Data25`, `Data26`, `Data27`, `Data28`, `Data29`, `Data30`, `Data31`, `Data32`, `Data33`, `AIName`, `ScriptName`, `VerifiedBuild`, `updated`) VALUES (1002017, 0, 48173, 'Kellertür (8du_waycrest_doubledoor01)', '', '', '', 1, 0, 0, 5000, 0, 0, 0, 0, 0, 0, 0, 0, 0, 0, 0, 0, 0, 0, 0, 0, 0, 0, 0, 0, 0, 0, 0, 0, 0, 0, 0, 0, 0, 0, 0, '', 'go_housing_basement_door', -1, '2021-02-18 20:00:00');
REPLACE INTO `gameobject_template` (`entry`, `type`, `displayId`, `name`, `IconName`, `castBarCaption`, `unk1`, `size`, `Data0`, `Data1`, `Data2`, `Data3`, `Data4`, `Data5`, `Data6`, `Data7`, `Data8`, `Data9`, `Data10`, `Data11`, `Data12`, `Data13`, `Data14`, `Data15`, `Data16`, `Data17`, `Data18`, `Data19`, `Data20`, `Data21`, `Data22`, `Data23`, `Data24`, `Data25`, `Data26`, `Data27`, `Data28`, `Data29`, `Data30`, `Data31`, `Data32`, `Data33`, `AIName`, `ScriptName`, `VerifiedBuild`, `updated`) VALUES (1002016, 0, 49421, 'Kellertür (8du_waycrest_singledoor01)', '', '', '', 1, 0, 0, 5000, 0, 0, 0, 0, 0, 0, 0, 0, 0, 0, 0, 0, 0, 0, 0, 0, 0, 0, 0, 0, 0, 0, 0, 0, 0, 0, 0, 0, 0, 0, 0, '', 'go_housing_basement_door', -1, '2021-02-18 20:00:00');
REPLACE INTO `gameobject_template` (`entry`, `type`, `displayId`, `name`, `IconName`, `castBarCaption`, `unk1`, `size`, `Data0`, `Data1`, `Data2`, `Data3`, `Data4`, `Data5`, `Data6`, `Data7`, `Data8`, `Data9`, `Data10`, `Data11`, `Data12`, `Data13`, `Data14`, `Data15`, `Data16`, `Data17`, `Data18`, `Data19`, `Data20`, `Data21`, `Data22`, `Data23`, `Data24`, `Data25`, `Data26`, `Data27`, `Data28`, `Data29`, `Data30`, `Data31`, `Data32`, `Data33`, `AIName`, `ScriptName`, `VerifiedBuild`, `updated`) VALUES (1002015, 0, 35341, 'Kellertür (7du_suramarraid_door_med01)', '', '', '', 0.5, 0, 0, 5000, 0, 0, 0, 0, 0, 0, 0, 0, 0, 0, 0, 0, 0, 0, 0, 0, 0, 0, 0, 0, 0, 0, 0, 0, 0, 0, 0, 0, 0, 0, 0, '', 'go_housing_basement_door', -1, '2021-02-18 20:00:00');
REPLACE INTO `gameobject_template` (`entry`, `type`, `displayId`, `name`, `IconName`, `castBarCaption`, `unk1`, `size`, `Data0`, `Data1`, `Data2`, `Data3`, `Data4`, `Data5`, `Data6`, `Data7`, `Data8`, `Data9`, `Data10`, `Data11`, `Data12`, `Data13`, `Data14`, `Data15`, `Data16`, `Data17`, `Data18`, `Data19`, `Data20`, `Data21`, `Data22`, `Data23`, `Data24`, `Data25`, `Data26`, `Data27`, `Data28`, `Data29`, `Data30`, `Data31`, `Data32`, `Data33`, `AIName`, `ScriptName`, `VerifiedBuild`, `updated`) VALUES (1002014, 0, 35255, 'Kellertür (7du_suramarraid_door_small01)', '', '', '', 1, 0, 0, 5000, 0, 0, 0, 0, 0, 0, 0, 0, 0, 0, 0, 0, 0, 0, 0, 0, 0, 0, 0, 0, 0, 0, 0, 0, 0, 0, 0, 0, 0, 0, 0, '', 'go_housing_basement_door', -1, '2021-02-18 20:00:00');
REPLACE INTO `gameobject_template` (`entry`, `type`, `displayId`, `name`, `IconName`, `castBarCaption`, `unk1`, `size`, `Data0`, `Data1`, `Data2`, `Data3`, `Data4`, `Data5`, `Data6`, `Data7`, `Data8`, `Data9`, `Data10`, `Data11`, `Data12`, `Data13`, `Data14`, `Data15`, `Data16`, `Data17`, `Data18`, `Data19`, `Data20`, `Data21`, `Data22`, `Data23`, `Data24`, `Data25`, `Data26`, `Data27`, `Data28`, `Data29`, `Data30`, `Data31`, `Data32`, `Data33`, `AIName`, `ScriptName`, `VerifiedBuild`, `updated`) VALUES (1002013, 0, 33296, 'Kellertür (7af_rogue_dalaransecretdoor01)', '', '', '', 1, 0, 0, 5000, 0, 0, 0, 0, 0, 0, 0, 0, 0, 0, 0, 0, 0, 0, 0, 0, 0, 0, 0, 0, 0, 0, 0, 0, 0, 0, 0, 0, 0, 0, 0, '', 'go_housing_basement_door', -1, '2021-02-18 20:00:00');
REPLACE INTO `gameobject_template` (`entry`, `type`, `displayId`, `name`, `IconName`, `castBarCaption`, `unk1`, `size`, `Data0`, `Data1`, `Data2`, `Data3`, `Data4`, `Data5`, `Data6`, `Data7`, `Data8`, `Data9`, `Data10`, `Data11`, `Data12`, `Data13`, `Data14`, `Data15`, `Data16`, `Data17`, `Data18`, `Data19`, `Data20`, `Data21`, `Data22`, `Data23`, `Data24`, `Data25`, `Data26`, `Data27`, `Data28`, `Data29`, `Data30`, `Data31`, `Data32`, `Data33`, `AIName`, `ScriptName`, `VerifiedBuild`, `updated`) VALUES (1002012, 0, 9023, 'Kellertür (worgen_door_01)', '', '', '', 1, 0, 0, 5000, 0, 0, 0, 0, 0, 0, 0, 0, 0, 0, 0, 0, 0, 0, 0, 0, 0, 0, 0, 0, 0, 0, 0, 0, 0, 0, 0, 0, 0, 0, 0, '', 'go_housing_basement_door', -1, '2021-02-18 20:00:00');
REPLACE INTO `gameobject_template` (`entry`, `type`, `displayId`, `name`, `IconName`, `castBarCaption`, `unk1`, `size`, `Data0`, `Data1`, `Data2`, `Data3`, `Data4`, `Data5`, `Data6`, `Data7`, `Data8`, `Data9`, `Data10`, `Data11`, `Data12`, `Data13`, `Data14`, `Data15`, `Data16`, `Data17`, `Data18`, `Data19`, `Data20`, `Data21`, `Data22`, `Data23`, `Data24`, `Data25`, `Data26`, `Data27`, `Data28`, `Data29`, `Data30`, `Data31`, `Data32`, `Data33`, `AIName`, `ScriptName`, `VerifiedBuild`, `updated`) VALUES (1002011, 0, 4413, 'Kellertür (stormwinddoor)', '', '', '', 1, 0, 0, 5000, 0, 0, 0, 0, 0, 0, 0, 0, 0, 0, 0, 0, 0, 0, 0, 0, 0, 0, 0, 0, 0, 0, 0, 0, 0, 0, 0, 0, 0, 0, 0, '', 'go_housing_basement_door', -1, '2021-02-18 20:00:00');
REPLACE INTO `gameobject_template` (`entry`, `type`, `displayId`, `name`, `IconName`, `castBarCaption`, `unk1`, `size`, `Data0`, `Data1`, `Data2`, `Data3`, `Data4`, `Data5`, `Data6`, `Data7`, `Data8`, `Data9`, `Data10`, `Data11`, `Data12`, `Data13`, `Data14`, `Data15`, `Data16`, `Data17`, `Data18`, `Data19`, `Data20`, `Data21`, `Data22`, `Data23`, `Data24`, `Data25`, `Data26`, `Data27`, `Data28`, `Data29`, `Data30`, `Data31`, `Data32`, `Data33`, `AIName`, `ScriptName`, `VerifiedBuild`, `updated`) VALUES (1002010, 0, 51206, 'Tür mit Schloss (8hu_kultiras_portcullis01)', '', '', '', 1, 0, 0, 5000, 0, 0, 0, 0, 0, 0, 0, 0, 0, 0, 0, 0, 0, 0, 0, 0, 0, 0, 0, 0, 0, 0, 0, 0, 0, 0, 0, 0, 0, 0, 0, '', 'go_housing_door', -1, '2021-02-18 20:00:00');
REPLACE INTO `gameobject_template` (`entry`, `type`, `displayId`, `name`, `IconName`, `castBarCaption`, `unk1`, `size`, `Data0`, `Data1`, `Data2`, `Data3`, `Data4`, `Data5`, `Data6`, `Data7`, `Data8`, `Data9`, `Data10`, `Data11`, `Data12`, `Data13`, `Data14`, `Data15`, `Data16`, `Data17`, `Data18`, `Data19`, `Data20`, `Data21`, `Data22`, `Data23`, `Data24`, `Data25`, `Data26`, `Data27`, `Data28`, `Data29`, `Data30`, `Data31`, `Data32`, `Data33`, `AIName`, `ScriptName`, `VerifiedBuild`, `updated`) VALUES (1002009, 0, 48173, 'Tür mit Schloss (8du_waycrest_doubledoor01)', '', '', '', 1, 0, 0, 5000, 0, 0, 0, 0, 0, 0, 0, 0, 0, 0, 0, 0, 0, 0, 0, 0, 0, 0, 0, 0, 0, 0, 0, 0, 0, 0, 0, 0, 0, 0, 0, '', 'go_housing_door', -1, '2021-02-18 20:00:00');
REPLACE INTO `gameobject_template` (`entry`, `type`, `displayId`, `name`, `IconName`, `castBarCaption`, `unk1`, `size`, `Data0`, `Data1`, `Data2`, `Data3`, `Data4`, `Data5`, `Data6`, `Data7`, `Data8`, `Data9`, `Data10`, `Data11`, `Data12`, `Data13`, `Data14`, `Data15`, `Data16`, `Data17`, `Data18`, `Data19`, `Data20`, `Data21`, `Data22`, `Data23`, `Data24`, `Data25`, `Data26`, `Data27`, `Data28`, `Data29`, `Data30`, `Data31`, `Data32`, `Data33`, `AIName`, `ScriptName`, `VerifiedBuild`, `updated`) VALUES (1002008, 0, 49421, 'Tür mit Schloss (8du_waycrest_singledoor01)', '', '', '', 1, 0, 0, 5000, 0, 0, 0, 0, 0, 0, 0, 0, 0, 0, 0, 0, 0, 0, 0, 0, 0, 0, 0, 0, 0, 0, 0, 0, 0, 0, 0, 0, 0, 0, 0, '', 'go_housing_door', -1, '2021-02-18 20:00:00');
REPLACE INTO `gameobject_template` (`entry`, `type`, `displayId`, `name`, `IconName`, `castBarCaption`, `unk1`, `size`, `Data0`, `Data1`, `Data2`, `Data3`, `Data4`, `Data5`, `Data6`, `Data7`, `Data8`, `Data9`, `Data10`, `Data11`, `Data12`, `Data13`, `Data14`, `Data15`, `Data16`, `Data17`, `Data18`, `Data19`, `Data20`, `Data21`, `Data22`, `Data23`, `Data24`, `Data25`, `Data26`, `Data27`, `Data28`, `Data29`, `Data30`, `Data31`, `Data32`, `Data33`, `AIName`, `ScriptName`, `VerifiedBuild`, `updated`) VALUES (1002007, 0, 35341, 'Tür mit Schloss (7du_suramarraid_door_med01)', '', '', '', 0.5, 0, 0, 5000, 0, 0, 0, 0, 0, 0, 0, 0, 0, 0, 0, 0, 0, 0, 0, 0, 0, 0, 0, 0, 0, 0, 0, 0, 0, 0, 0, 0, 0, 0, 0, '', 'go_housing_door', -1, '2021-02-18 20:00:00');
REPLACE INTO `gameobject_template` (`entry`, `type`, `displayId`, `name`, `IconName`, `castBarCaption`, `unk1`, `size`, `Data0`, `Data1`, `Data2`, `Data3`, `Data4`, `Data5`, `Data6`, `Data7`, `Data8`, `Data9`, `Data10`, `Data11`, `Data12`, `Data13`, `Data14`, `Data15`, `Data16`, `Data17`, `Data18`, `Data19`, `Data20`, `Data21`, `Data22`, `Data23`, `Data24`, `Data25`, `Data26`, `Data27`, `Data28`, `Data29`, `Data30`, `Data31`, `Data32`, `Data33`, `AIName`, `ScriptName`, `VerifiedBuild`, `updated`) VALUES (1002006, 0, 35255, 'Tür mit Schloss (7du_suramarraid_door_small01)', '', '', '', 1, 0, 0, 5000, 0, 0, 0, 0, 0, 0, 0, 0, 0, 0, 0, 0, 0, 0, 0, 0, 0, 0, 0, 0, 0, 0, 0, 0, 0, 0, 0, 0, 0, 0, 0, '', 'go_housing_door', -1, '2021-02-18 20:00:00');
REPLACE INTO `gameobject_template` (`entry`, `type`, `displayId`, `name`, `IconName`, `castBarCaption`, `unk1`, `size`, `Data0`, `Data1`, `Data2`, `Data3`, `Data4`, `Data5`, `Data6`, `Data7`, `Data8`, `Data9`, `Data10`, `Data11`, `Data12`, `Data13`, `Data14`, `Data15`, `Data16`, `Data17`, `Data18`, `Data19`, `Data20`, `Data21`, `Data22`, `Data23`, `Data24`, `Data25`, `Data26`, `Data27`, `Data28`, `Data29`, `Data30`, `Data31`, `Data32`, `Data33`, `AIName`, `ScriptName`, `VerifiedBuild`, `updated`) VALUES (1002005, 0, 33296, 'Tür mit Schloss (7af_rogue_dalaransecretdoor01)', '', '', '', 1, 0, 0, 5000, 0, 0, 0, 0, 0, 0, 0, 0, 0, 0, 0, 0, 0, 0, 0, 0, 0, 0, 0, 0, 0, 0, 0, 0, 0, 0, 0, 0, 0, 0, 0, '', 'go_housing_door', -1, '2021-02-18 20:00:00');
REPLACE INTO `gameobject_template` (`entry`, `type`, `displayId`, `name`, `IconName`, `castBarCaption`, `unk1`, `size`, `Data0`, `Data1`, `Data2`, `Data3`, `Data4`, `Data5`, `Data6`, `Data7`, `Data8`, `Data9`, `Data10`, `Data11`, `Data12`, `Data13`, `Data14`, `Data15`, `Data16`, `Data17`, `Data18`, `Data19`, `Data20`, `Data21`, `Data22`, `Data23`, `Data24`, `Data25`, `Data26`, `Data27`, `Data28`, `Data29`, `Data30`, `Data31`, `Data32`, `Data33`, `AIName`, `ScriptName`, `VerifiedBuild`, `updated`) VALUES (1002004, 0, 411, 'Tür mit Schloss (portcullisactive)', '', '', '', 0.75, 0, 0, 5000, 0, 0, 0, 0, 0, 0, 0, 0, 0, 0, 0, 0, 0, 0, 0, 0, 0, 0, 0, 0, 0, 0, 0, 0, 0, 0, 0, 0, 0, 0, 0, '', 'go_housing_door', -1, '2021-02-18 20:00:00');
REPLACE INTO `gameobject_template` (`entry`, `type`, `displayId`, `name`, `IconName`, `castBarCaption`, `unk1`, `size`, `Data0`, `Data1`, `Data2`, `Data3`, `Data4`, `Data5`, `Data6`, `Data7`, `Data8`, `Data9`, `Data10`, `Data11`, `Data12`, `Data13`, `Data14`, `Data15`, `Data16`, `Data17`, `Data18`, `Data19`, `Data20`, `Data21`, `Data22`, `Data23`, `Data24`, `Data25`, `Data26`, `Data27`, `Data28`, `Data29`, `Data30`, `Data31`, `Data32`, `Data33`, `AIName`, `ScriptName`, `VerifiedBuild`, `updated`) VALUES (1002002, 0, 15876, 'Tür mit Schloss (6hu_garrison_gate_rank1)', '', '', '', 1, 0, 0, 5000, 0, 0, 0, 0, 0, 0, 0, 0, 0, 0, 0, 0, 0, 0, 0, 0, 0, 0, 0, 0, 0, 0, 0, 0, 0, 0, 0, 0, 0, 0, 0, '', 'go_housing_door', -1, '2021-02-18 20:00:00');
REPLACE INTO `gameobject_template` (`entry`, `type`, `displayId`, `name`, `IconName`, `castBarCaption`, `unk1`, `size`, `Data0`, `Data1`, `Data2`, `Data3`, `Data4`, `Data5`, `Data6`, `Data7`, `Data8`, `Data9`, `Data10`, `Data11`, `Data12`, `Data13`, `Data14`, `Data15`, `Data16`, `Data17`, `Data18`, `Data19`, `Data20`, `Data21`, `Data22`, `Data23`, `Data24`, `Data25`, `Data26`, `Data27`, `Data28`, `Data29`, `Data30`, `Data31`, `Data32`, `Data33`, `AIName`, `ScriptName`, `VerifiedBuild`, `updated`) VALUES (1002001, 0, 9023, 'Tür mit Schloss (worgen_door_01)', '', '', '', 1, 0, 0, 5000, 0, 0, 0, 0, 0, 0, 0, 0, 0, 0, 0, 0, 0, 0, 0, 0, 0, 0, 0, 0, 0, 0, 0, 0, 0, 0, 0, 0, 0, 0, 0, '', 'go_housing_door', -1, '2021-02-18 20:00:00');
REPLACE INTO `gameobject_template` (`entry`, `type`, `displayId`, `name`, `IconName`, `castBarCaption`, `unk1`, `size`, `Data0`, `Data1`, `Data2`, `Data3`, `Data4`, `Data5`, `Data6`, `Data7`, `Data8`, `Data9`, `Data10`, `Data11`, `Data12`, `Data13`, `Data14`, `Data15`, `Data16`, `Data17`, `Data18`, `Data19`, `Data20`, `Data21`, `Data22`, `Data23`, `Data24`, `Data25`, `Data26`, `Data27`, `Data28`, `Data29`, `Data30`, `Data31`, `Data32`, `Data33`, `AIName`, `ScriptName`, `VerifiedBuild`, `updated`) VALUES (1002000, 0, 4413, 'Tür mit Schloss (stormwinddoor)', '', '', '', 1, 0, 0, 5000, 0, 0, 0, 0, 0, 0, 0, 0, 0, 0, 0, 0, 0, 0, 0, 0, 0, 0, 0, 0, 0, 0, 0, 0, 0, 0, 0, 0, 0, 0, 0, '', 'go_housing_door', -1, '2021-02-18 20:00:00');

REPLACE INTO `gameobject` (`guid`, `id`, `map`, `zoneId`, `areaId`, `spawnDifficulties`, `phaseUseFlags`, `PhaseId`, `PhaseGroup`, `terrainSwapMap`, `position_x`, `position_y`, `position_z`, `orientation`, `rotation0`, `rotation1`, `rotation2`, `rotation3`, `spawntimesecs`, `animprogress`, `state`, `size`, `house_id`, `ScriptName`, `VerifiedBuild`) VALUES (301867, 1002017, 5002, 0, 0, '0', 0, -1, 0, -1, -268.895, -261.81, 1.65564, 4.71239, -0, -0, -0.707107, 0.707107, 0, 255, 1, 0.7, 0, '', 0);

REPLACE INTO `furniture_catalog` (`id`, `categorization_date`, `categorized_by`, `price`, `updated`) VALUES (1002018, 1613588376, 'Schattenhain', 20000, 1613588376);
REPLACE INTO `furniture_catalog` (`id`, `categorization_date`, `categorized_by`, `price`, `updated`) VALUES (1002017, 1613588376, 'Schattenhain', 20000, 1613588376);
REPLACE INTO `furniture_catalog` (`id`, `categorization_date`, `categorized_by`, `price`, `updated`) VALUES (1002016, 1613588376, 'Schattenhain', 20000, 1613588376);
REPLACE INTO `furniture_catalog` (`id`, `categorization_date`, `categorized_by`, `price`, `updated`) VALUES (1002015, 1613588376, 'Schattenhain', 20000, 1613588376);
REPLACE INTO `furniture_catalog` (`id`, `categorization_date`, `categorized_by`, `price`, `updated`) VALUES (1002014, 1613588376, 'Schattenhain', 20000, 1613588376);
REPLACE INTO `furniture_catalog` (`id`, `categorization_date`, `categorized_by`, `price`, `updated`) VALUES (1002013, 1613588376, 'Schattenhain', 20000, 1613588376);
REPLACE INTO `furniture_catalog` (`id`, `categorization_date`, `categorized_by`, `price`, `updated`) VALUES (1002012, 1613588376, 'Schattenhain', 20000, 1613588376);
REPLACE INTO `furniture_catalog` (`id`, `categorization_date`, `categorized_by`, `price`, `updated`) VALUES (1002011, 1613588376, 'Schattenhain', 20000, 1613588376);
REPLACE INTO `furniture_catalog` (`id`, `categorization_date`, `categorized_by`, `price`, `updated`) VALUES (1002010, 1613588376, 'Schattenhain', 500, 1613588376);
REPLACE INTO `furniture_catalog` (`id`, `categorization_date`, `categorized_by`, `price`, `updated`) VALUES (1002009, 1613588376, 'Schattenhain', 500, 1613588376);
REPLACE INTO `furniture_catalog` (`id`, `categorization_date`, `categorized_by`, `price`, `updated`) VALUES (1002008, 1613588376, 'Schattenhain', 500, 1613588376);
REPLACE INTO `furniture_catalog` (`id`, `categorization_date`, `categorized_by`, `price`, `updated`) VALUES (1002007, 1613588376, 'Schattenhain', 500, 1613588376);
REPLACE INTO `furniture_catalog` (`id`, `categorization_date`, `categorized_by`, `price`, `updated`) VALUES (1002006, 1613588376, 'Schattenhain', 500, 1613588376);
REPLACE INTO `furniture_catalog` (`id`, `categorization_date`, `categorized_by`, `price`, `updated`) VALUES (1002005, 1613588376, 'Schattenhain', 500, 1613588376);
REPLACE INTO `furniture_catalog` (`id`, `categorization_date`, `categorized_by`, `price`, `updated`) VALUES (1002004, 1613588376, 'Schattenhain', 500, 1613588376);
REPLACE INTO `furniture_catalog` (`id`, `categorization_date`, `categorized_by`, `price`, `updated`) VALUES (1002002, 1613588376, 'Schattenhain', 500, 1613588376);
REPLACE INTO `furniture_catalog` (`id`, `categorization_date`, `categorized_by`, `price`, `updated`) VALUES (1002001, 1613588376, 'Schattenhain', 500, 1613588376);
REPLACE INTO `furniture_catalog` (`id`, `categorization_date`, `categorized_by`, `price`, `updated`) VALUES (1002000, 1613588376, 'Schattenhain', 500, 1613588376);

DELETE FROM `furniture_catalog_category` WHERE `furniture_id` IN (1002018, 1002017, 1002016, 1002015, 1002014, 1002013, 1002012, 1002011, 1002010, 1002009, 1002008, 1002007, 1002006, 1002005, 1002004, 1002002, 1002001, 1002000);
REPLACE INTO `furniture_catalog_category` (`furniture_id`, `category_id`) VALUES (1002018, 4);
REPLACE INTO `furniture_catalog_category` (`furniture_id`, `category_id`) VALUES (1002017, 4);
REPLACE INTO `furniture_catalog_category` (`furniture_id`, `category_id`) VALUES (1002016, 4);
REPLACE INTO `furniture_catalog_category` (`furniture_id`, `category_id`) VALUES (1002015, 4);
REPLACE INTO `furniture_catalog_category` (`furniture_id`, `category_id`) VALUES (1002014, 4);
REPLACE INTO `furniture_catalog_category` (`furniture_id`, `category_id`) VALUES (1002013, 4);
REPLACE INTO `furniture_catalog_category` (`furniture_id`, `category_id`) VALUES (1002012, 4);
REPLACE INTO `furniture_catalog_category` (`furniture_id`, `category_id`) VALUES (1002011, 4);
REPLACE INTO `furniture_catalog_category` (`furniture_id`, `category_id`) VALUES (1002010, 4);
REPLACE INTO `furniture_catalog_category` (`furniture_id`, `category_id`) VALUES (1002009, 4);
REPLACE INTO `furniture_catalog_category` (`furniture_id`, `category_id`) VALUES (1002008, 4);
REPLACE INTO `furniture_catalog_category` (`furniture_id`, `category_id`) VALUES (1002007, 4);
REPLACE INTO `furniture_catalog_category` (`furniture_id`, `category_id`) VALUES (1002006, 4);
REPLACE INTO `furniture_catalog_category` (`furniture_id`, `category_id`) VALUES (1002005, 4);
REPLACE INTO `furniture_catalog_category` (`furniture_id`, `category_id`) VALUES (1002004, 4);
REPLACE INTO `furniture_catalog_category` (`furniture_id`, `category_id`) VALUES (1002002, 4);
REPLACE INTO `furniture_catalog_category` (`furniture_id`, `category_id`) VALUES (1002001, 4);
REPLACE INTO `furniture_catalog_category` (`furniture_id`, `category_id`) VALUES (1002000, 4);

REPLACE INTO `trinity_string` (`entry`, `content_default`, `content_loc1`, `content_loc2`, `content_loc3`, `content_loc4`, `content_loc5`, `content_loc6`, `content_loc7`, `content_loc8`) VALUES (50032, 'Housing phase Id: %u', NULL, NULL, 'Wohnflächen Phasen Id: %u', NULL, NULL, NULL, NULL, NULL);
REPLACE INTO `trinity_string` (`entry`, `content_default`, `content_loc1`, `content_loc2`, `content_loc3`, `content_loc4`, `content_loc5`, `content_loc6`, `content_loc7`, `content_loc8`) VALUES (50031, 'Housing Id: %u', NULL, NULL, 'Wohnflächen Id: %u', NULL, NULL, NULL, NULL, NULL);
REPLACE INTO `trinity_string` (`entry`, `content_default`, `content_loc1`, `content_loc2`, `content_loc3`, `content_loc4`, `content_loc5`, `content_loc6`, `content_loc7`, `content_loc8`) VALUES (50029, 'Door is not in a housing area!', NULL, NULL, 'Tür befindet sich nicht in einer Wohnfläche!', NULL, NULL, NULL, NULL, NULL);