REPLACE INTO `gameobject_template` (`entry`, `type`, `displayId`, `name`, `IconName`, `castBarCaption`, `unk1`, `size`, `Data0`, `Data1`, `Data2`, `Data3`, `Data4`, `Data5`, `Data6`, `Data7`, `Data8`, `Data9`, `Data10`, `Data11`, `Data12`, `Data13`, `Data14`, `Data15`, `Data16`, `Data17`, `Data18`, `Data19`, `Data20`, `Data21`, `Data22`, `Data23`, `Data24`, `Data25`, `Data26`, `Data27`, `Data28`, `Data29`, `Data30`, `Data31`, `Data32`, `Data33`, `Data34`, `ContentTuningId`, `AIName`, `ScriptName`, `VerifiedBuild`, `updated`) VALUES (1003122, 5, 247820, 'sh_meterstick', '', '', '', 1, 0, 0, 0, 0, 0, 0, 0, 0, 0, 0, 0, 0, 0, 0, 0, 0, 0, 0, 0, 0, 0, 0, 0, 0, 0, 0, 0, 0, 0, 0, 0, 0, 0, 0, 0, 0, '', '', -1, '2024-05-01 01:17:18');
REPLACE INTO `gameobject_template` (`entry`, `type`, `displayId`, `name`, `IconName`, `castBarCaption`, `unk1`, `size`, `Data0`, `Data1`, `Data2`, `Data3`, `Data4`, `Data5`, `Data6`, `Data7`, `Data8`, `Data9`, `Data10`, `Data11`, `Data12`, `Data13`, `Data14`, `Data15`, `Data16`, `Data17`, `Data18`, `Data19`, `Data20`, `Data21`, `Data22`, `Data23`, `Data24`, `Data25`, `Data26`, `Data27`, `Data28`, `Data29`, `Data30`, `Data31`, `Data32`, `Data33`, `Data34`, `ContentTuningId`, `AIName`, `ScriptName`, `VerifiedBuild`, `updated`) VALUES (1003121, 5, 247819, 'sh_food_soup05', '', '', '', 1, 0, 0, 0, 0, 0, 0, 0, 0, 0, 0, 0, 0, 0, 0, 0, 0, 0, 0, 0, 0, 0, 0, 0, 0, 0, 0, 0, 0, 0, 0, 0, 0, 0, 0, 0, 0, '', '', -1, '2024-05-01 01:17:18');
REPLACE INTO `gameobject_template` (`entry`, `type`, `displayId`, `name`, `IconName`, `castBarCaption`, `unk1`, `size`, `Data0`, `Data1`, `Data2`, `Data3`, `Data4`, `Data5`, `Data6`, `Data7`, `Data8`, `Data9`, `Data10`, `Data11`, `Data12`, `Data13`, `Data14`, `Data15`, `Data16`, `Data17`, `Data18`, `Data19`, `Data20`, `Data21`, `Data22`, `Data23`, `Data24`, `Data25`, `Data26`, `Data27`, `Data28`, `Data29`, `Data30`, `Data31`, `Data32`, `Data33`, `Data34`, `ContentTuningId`, `AIName`, `ScriptName`, `VerifiedBuild`, `updated`) VALUES (1003120, 5, 247818, 'sh_food_soup04', '', '', '', 1, 0, 0, 0, 0, 0, 0, 0, 0, 0, 0, 0, 0, 0, 0, 0, 0, 0, 0, 0, 0, 0, 0, 0, 0, 0, 0, 0, 0, 0, 0, 0, 0, 0, 0, 0, 0, '', '', -1, '2024-05-01 01:17:11');
REPLACE INTO `gameobject_template` (`entry`, `type`, `displayId`, `name`, `IconName`, `castBarCaption`, `unk1`, `size`, `Data0`, `Data1`, `Data2`, `Data3`, `Data4`, `Data5`, `Data6`, `Data7`, `Data8`, `Data9`, `Data10`, `Data11`, `Data12`, `Data13`, `Data14`, `Data15`, `Data16`, `Data17`, `Data18`, `Data19`, `Data20`, `Data21`, `Data22`, `Data23`, `Data24`, `Data25`, `Data26`, `Data27`, `Data28`, `Data29`, `Data30`, `Data31`, `Data32`, `Data33`, `Data34`, `ContentTuningId`, `AIName`, `ScriptName`, `VerifiedBuild`, `updated`) VALUES (1003119, 5, 247817, 'sh_food_soup03', '', '', '', 1, 0, 0, 0, 0, 0, 0, 0, 0, 0, 0, 0, 0, 0, 0, 0, 0, 0, 0, 0, 0, 0, 0, 0, 0, 0, 0, 0, 0, 0, 0, 0, 0, 0, 0, 0, 0, '', '', -1, '2024-05-01 01:17:08');
REPLACE INTO `gameobject_template` (`entry`, `type`, `displayId`, `name`, `IconName`, `castBarCaption`, `unk1`, `size`, `Data0`, `Data1`, `Data2`, `Data3`, `Data4`, `Data5`, `Data6`, `Data7`, `Data8`, `Data9`, `Data10`, `Data11`, `Data12`, `Data13`, `Data14`, `Data15`, `Data16`, `Data17`, `Data18`, `Data19`, `Data20`, `Data21`, `Data22`, `Data23`, `Data24`, `Data25`, `Data26`, `Data27`, `Data28`, `Data29`, `Data30`, `Data31`, `Data32`, `Data33`, `Data34`, `ContentTuningId`, `AIName`, `ScriptName`, `VerifiedBuild`, `updated`) VALUES (1003118, 5, 247816, 'sh_food_soup02', '', '', '', 1, 0, 0, 0, 0, 0, 0, 0, 0, 0, 0, 0, 0, 0, 0, 0, 0, 0, 0, 0, 0, 0, 0, 0, 0, 0, 0, 0, 0, 0, 0, 0, 0, 0, 0, 0, 0, '', '', -1, '2024-05-01 01:17:06');
REPLACE INTO `gameobject_template` (`entry`, `type`, `displayId`, `name`, `IconName`, `castBarCaption`, `unk1`, `size`, `Data0`, `Data1`, `Data2`, `Data3`, `Data4`, `Data5`, `Data6`, `Data7`, `Data8`, `Data9`, `Data10`, `Data11`, `Data12`, `Data13`, `Data14`, `Data15`, `Data16`, `Data17`, `Data18`, `Data19`, `Data20`, `Data21`, `Data22`, `Data23`, `Data24`, `Data25`, `Data26`, `Data27`, `Data28`, `Data29`, `Data30`, `Data31`, `Data32`, `Data33`, `Data34`, `ContentTuningId`, `AIName`, `ScriptName`, `VerifiedBuild`, `updated`) VALUES (1003117, 5, 247815, 'sh_food_soup01', '', '', '', 1, 0, 0, 0, 0, 0, 0, 0, 0, 0, 0, 0, 0, 0, 0, 0, 0, 0, 0, 0, 0, 0, 0, 0, 0, 0, 0, 0, 0, 0, 0, 0, 0, 0, 0, 0, 0, '', '', -1, '2024-05-01 01:16:11');
REPLACE INTO `gameobject_template` (`entry`, `type`, `displayId`, `name`, `IconName`, `castBarCaption`, `unk1`, `size`, `Data0`, `Data1`, `Data2`, `Data3`, `Data4`, `Data5`, `Data6`, `Data7`, `Data8`, `Data9`, `Data10`, `Data11`, `Data12`, `Data13`, `Data14`, `Data15`, `Data16`, `Data17`, `Data18`, `Data19`, `Data20`, `Data21`, `Data22`, `Data23`, `Data24`, `Data25`, `Data26`, `Data27`, `Data28`, `Data29`, `Data30`, `Data31`, `Data32`, `Data33`, `Data34`, `ContentTuningId`, `AIName`, `ScriptName`, `VerifiedBuild`, `updated`) VALUES (1003116, 5, 247814, 'sh_food_spoon01', '', '', '', 1, 0, 0, 0, 0, 0, 0, 0, 0, 0, 0, 0, 0, 0, 0, 0, 0, 0, 0, 0, 0, 0, 0, 0, 0, 0, 0, 0, 0, 0, 0, 0, 0, 0, 0, 0, 0, '', '', -1, '2024-05-01 01:16:11');
REPLACE INTO `gameobject_template` (`entry`, `type`, `displayId`, `name`, `IconName`, `castBarCaption`, `unk1`, `size`, `Data0`, `Data1`, `Data2`, `Data3`, `Data4`, `Data5`, `Data6`, `Data7`, `Data8`, `Data9`, `Data10`, `Data11`, `Data12`, `Data13`, `Data14`, `Data15`, `Data16`, `Data17`, `Data18`, `Data19`, `Data20`, `Data21`, `Data22`, `Data23`, `Data24`, `Data25`, `Data26`, `Data27`, `Data28`, `Data29`, `Data30`, `Data31`, `Data32`, `Data33`, `Data34`, `ContentTuningId`, `AIName`, `ScriptName`, `VerifiedBuild`, `updated`) VALUES (1003115, 5, 247813, 'sh_food_chopsticks01', '', '', '', 1, 0, 0, 0, 0, 0, 0, 0, 0, 0, 0, 0, 0, 0, 0, 0, 0, 0, 0, 0, 0, 0, 0, 0, 0, 0, 0, 0, 0, 0, 0, 0, 0, 0, 0, 0, 0, '', '', -1, '2024-05-01 01:15:57');
REPLACE INTO `gameobject_template` (`entry`, `type`, `displayId`, `name`, `IconName`, `castBarCaption`, `unk1`, `size`, `Data0`, `Data1`, `Data2`, `Data3`, `Data4`, `Data5`, `Data6`, `Data7`, `Data8`, `Data9`, `Data10`, `Data11`, `Data12`, `Data13`, `Data14`, `Data15`, `Data16`, `Data17`, `Data18`, `Data19`, `Data20`, `Data21`, `Data22`, `Data23`, `Data24`, `Data25`, `Data26`, `Data27`, `Data28`, `Data29`, `Data30`, `Data31`, `Data32`, `Data33`, `Data34`, `ContentTuningId`, `AIName`, `ScriptName`, `VerifiedBuild`, `updated`) VALUES (1003114, 5, 247812, 'sh_food_bowl01', '', '', '', 1, 0, 0, 0, 0, 0, 0, 0, 0, 0, 0, 0, 0, 0, 0, 0, 0, 0, 0, 0, 0, 0, 0, 0, 0, 0, 0, 0, 0, 0, 0, 0, 0, 0, 0, 0, 0, '', '', -1, '2024-05-01 01:15:40');
REPLACE INTO `gameobject_template` (`entry`, `type`, `displayId`, `name`, `IconName`, `castBarCaption`, `unk1`, `size`, `Data0`, `Data1`, `Data2`, `Data3`, `Data4`, `Data5`, `Data6`, `Data7`, `Data8`, `Data9`, `Data10`, `Data11`, `Data12`, `Data13`, `Data14`, `Data15`, `Data16`, `Data17`, `Data18`, `Data19`, `Data20`, `Data21`, `Data22`, `Data23`, `Data24`, `Data25`, `Data26`, `Data27`, `Data28`, `Data29`, `Data30`, `Data31`, `Data32`, `Data33`, `Data34`, `ContentTuningId`, `AIName`, `ScriptName`, `VerifiedBuild`, `updated`) VALUES (1003113, 5, 247811, 'sh_crops_bellpepper03', '', '', '', 1, 0, 0, 0, 0, 0, 0, 0, 0, 0, 0, 0, 0, 0, 0, 0, 0, 0, 0, 0, 0, 0, 0, 0, 0, 0, 0, 0, 0, 0, 0, 0, 0, 0, 0, 0, 0, '', '', -1, '2024-05-01 01:15:06');
REPLACE INTO `gameobject_template` (`entry`, `type`, `displayId`, `name`, `IconName`, `castBarCaption`, `unk1`, `size`, `Data0`, `Data1`, `Data2`, `Data3`, `Data4`, `Data5`, `Data6`, `Data7`, `Data8`, `Data9`, `Data10`, `Data11`, `Data12`, `Data13`, `Data14`, `Data15`, `Data16`, `Data17`, `Data18`, `Data19`, `Data20`, `Data21`, `Data22`, `Data23`, `Data24`, `Data25`, `Data26`, `Data27`, `Data28`, `Data29`, `Data30`, `Data31`, `Data32`, `Data33`, `Data34`, `ContentTuningId`, `AIName`, `ScriptName`, `VerifiedBuild`, `updated`) VALUES (1003112, 5, 247810, 'sh_crops_bellpepper02', '', '', '', 1, 0, 0, 0, 0, 0, 0, 0, 0, 0, 0, 0, 0, 0, 0, 0, 0, 0, 0, 0, 0, 0, 0, 0, 0, 0, 0, 0, 0, 0, 0, 0, 0, 0, 0, 0, 0, '', '', -1, '2024-05-01 01:14:59');
REPLACE INTO `gameobject_template` (`entry`, `type`, `displayId`, `name`, `IconName`, `castBarCaption`, `unk1`, `size`, `Data0`, `Data1`, `Data2`, `Data3`, `Data4`, `Data5`, `Data6`, `Data7`, `Data8`, `Data9`, `Data10`, `Data11`, `Data12`, `Data13`, `Data14`, `Data15`, `Data16`, `Data17`, `Data18`, `Data19`, `Data20`, `Data21`, `Data22`, `Data23`, `Data24`, `Data25`, `Data26`, `Data27`, `Data28`, `Data29`, `Data30`, `Data31`, `Data32`, `Data33`, `Data34`, `ContentTuningId`, `AIName`, `ScriptName`, `VerifiedBuild`, `updated`) VALUES (1003111, 5, 247809, 'sh_crops_bellpepper01', '', '', '', 1, 0, 0, 0, 0, 0, 0, 0, 0, 0, 0, 0, 0, 0, 0, 0, 0, 0, 0, 0, 0, 0, 0, 0, 0, 0, 0, 0, 0, 0, 0, 0, 0, 0, 0, 0, 0, '', '', -1, '2024-05-01 01:14:53');
REPLACE INTO `gameobject_template` (`entry`, `type`, `displayId`, `name`, `IconName`, `castBarCaption`, `unk1`, `size`, `Data0`, `Data1`, `Data2`, `Data3`, `Data4`, `Data5`, `Data6`, `Data7`, `Data8`, `Data9`, `Data10`, `Data11`, `Data12`, `Data13`, `Data14`, `Data15`, `Data16`, `Data17`, `Data18`, `Data19`, `Data20`, `Data21`, `Data22`, `Data23`, `Data24`, `Data25`, `Data26`, `Data27`, `Data28`, `Data29`, `Data30`, `Data31`, `Data32`, `Data33`, `Data34`, `ContentTuningId`, `AIName`, `ScriptName`, `VerifiedBuild`, `updated`) VALUES (1003110, 5, 247808, 'sh_crops_peas02', '', '', '', 1, 0, 0, 0, 0, 0, 0, 0, 0, 0, 0, 0, 0, 0, 0, 0, 0, 0, 0, 0, 0, 0, 0, 0, 0, 0, 0, 0, 0, 0, 0, 0, 0, 0, 0, 0, 0, '', '', -1, '2024-05-01 01:14:06');
REPLACE INTO `gameobject_template` (`entry`, `type`, `displayId`, `name`, `IconName`, `castBarCaption`, `unk1`, `size`, `Data0`, `Data1`, `Data2`, `Data3`, `Data4`, `Data5`, `Data6`, `Data7`, `Data8`, `Data9`, `Data10`, `Data11`, `Data12`, `Data13`, `Data14`, `Data15`, `Data16`, `Data17`, `Data18`, `Data19`, `Data20`, `Data21`, `Data22`, `Data23`, `Data24`, `Data25`, `Data26`, `Data27`, `Data28`, `Data29`, `Data30`, `Data31`, `Data32`, `Data33`, `Data34`, `ContentTuningId`, `AIName`, `ScriptName`, `VerifiedBuild`, `updated`) VALUES (1003109, 5, 247807, 'sh_crops_peas01', '', '', '', 1, 0, 0, 0, 0, 0, 0, 0, 0, 0, 0, 0, 0, 0, 0, 0, 0, 0, 0, 0, 0, 0, 0, 0, 0, 0, 0, 0, 0, 0, 0, 0, 0, 0, 0, 0, 0, '', '', -1, '2024-05-01 01:14:03');
REPLACE INTO `gameobject_template` (`entry`, `type`, `displayId`, `name`, `IconName`, `castBarCaption`, `unk1`, `size`, `Data0`, `Data1`, `Data2`, `Data3`, `Data4`, `Data5`, `Data6`, `Data7`, `Data8`, `Data9`, `Data10`, `Data11`, `Data12`, `Data13`, `Data14`, `Data15`, `Data16`, `Data17`, `Data18`, `Data19`, `Data20`, `Data21`, `Data22`, `Data23`, `Data24`, `Data25`, `Data26`, `Data27`, `Data28`, `Data29`, `Data30`, `Data31`, `Data32`, `Data33`, `Data34`, `ContentTuningId`, `AIName`, `ScriptName`, `VerifiedBuild`, `updated`) VALUES (1003108, 5, 247806, 'sh_cupboard_empty02g', '', '', '', 1, 0, 0, 0, 0, 0, 0, 0, 0, 0, 0, 0, 0, 0, 0, 0, 0, 0, 0, 0, 0, 0, 0, 0, 0, 0, 0, 0, 0, 0, 0, 0, 0, 0, 0, 0, 0, '', '', -1, '2024-05-01 01:13:26');
REPLACE INTO `gameobject_template` (`entry`, `type`, `displayId`, `name`, `IconName`, `castBarCaption`, `unk1`, `size`, `Data0`, `Data1`, `Data2`, `Data3`, `Data4`, `Data5`, `Data6`, `Data7`, `Data8`, `Data9`, `Data10`, `Data11`, `Data12`, `Data13`, `Data14`, `Data15`, `Data16`, `Data17`, `Data18`, `Data19`, `Data20`, `Data21`, `Data22`, `Data23`, `Data24`, `Data25`, `Data26`, `Data27`, `Data28`, `Data29`, `Data30`, `Data31`, `Data32`, `Data33`, `Data34`, `ContentTuningId`, `AIName`, `ScriptName`, `VerifiedBuild`, `updated`) VALUES (1003107, 5, 247805, 'sh_cupboard_empty02d', '', '', '', 1, 0, 0, 0, 0, 0, 0, 0, 0, 0, 0, 0, 0, 0, 0, 0, 0, 0, 0, 0, 0, 0, 0, 0, 0, 0, 0, 0, 0, 0, 0, 0, 0, 0, 0, 0, 0, '', '', -1, '2024-05-01 01:13:24');
REPLACE INTO `gameobject_template` (`entry`, `type`, `displayId`, `name`, `IconName`, `castBarCaption`, `unk1`, `size`, `Data0`, `Data1`, `Data2`, `Data3`, `Data4`, `Data5`, `Data6`, `Data7`, `Data8`, `Data9`, `Data10`, `Data11`, `Data12`, `Data13`, `Data14`, `Data15`, `Data16`, `Data17`, `Data18`, `Data19`, `Data20`, `Data21`, `Data22`, `Data23`, `Data24`, `Data25`, `Data26`, `Data27`, `Data28`, `Data29`, `Data30`, `Data31`, `Data32`, `Data33`, `Data34`, `ContentTuningId`, `AIName`, `ScriptName`, `VerifiedBuild`, `updated`) VALUES (1003106, 5, 247804, 'sh_cupboard_empty02c', '', '', '', 1, 0, 0, 0, 0, 0, 0, 0, 0, 0, 0, 0, 0, 0, 0, 0, 0, 0, 0, 0, 0, 0, 0, 0, 0, 0, 0, 0, 0, 0, 0, 0, 0, 0, 0, 0, 0, '', '', -1, '2024-05-01 01:13:21');
REPLACE INTO `gameobject_template` (`entry`, `type`, `displayId`, `name`, `IconName`, `castBarCaption`, `unk1`, `size`, `Data0`, `Data1`, `Data2`, `Data3`, `Data4`, `Data5`, `Data6`, `Data7`, `Data8`, `Data9`, `Data10`, `Data11`, `Data12`, `Data13`, `Data14`, `Data15`, `Data16`, `Data17`, `Data18`, `Data19`, `Data20`, `Data21`, `Data22`, `Data23`, `Data24`, `Data25`, `Data26`, `Data27`, `Data28`, `Data29`, `Data30`, `Data31`, `Data32`, `Data33`, `Data34`, `ContentTuningId`, `AIName`, `ScriptName`, `VerifiedBuild`, `updated`) VALUES (1003105, 5, 247803, 'sh_cupboard_empty02a', '', '', '', 1, 0, 0, 0, 0, 0, 0, 0, 0, 0, 0, 0, 0, 0, 0, 0, 0, 0, 0, 0, 0, 0, 0, 0, 0, 0, 0, 0, 0, 0, 0, 0, 0, 0, 0, 0, 0, '', '', -1, '2024-05-01 01:13:19');
REPLACE INTO `gameobject_template` (`entry`, `type`, `displayId`, `name`, `IconName`, `castBarCaption`, `unk1`, `size`, `Data0`, `Data1`, `Data2`, `Data3`, `Data4`, `Data5`, `Data6`, `Data7`, `Data8`, `Data9`, `Data10`, `Data11`, `Data12`, `Data13`, `Data14`, `Data15`, `Data16`, `Data17`, `Data18`, `Data19`, `Data20`, `Data21`, `Data22`, `Data23`, `Data24`, `Data25`, `Data26`, `Data27`, `Data28`, `Data29`, `Data30`, `Data31`, `Data32`, `Data33`, `Data34`, `ContentTuningId`, `AIName`, `ScriptName`, `VerifiedBuild`, `updated`) VALUES (1003104, 5, 247802, 'sh_cupboard02g', '', '', '', 1, 0, 0, 0, 0, 0, 0, 0, 0, 0, 0, 0, 0, 0, 0, 0, 0, 0, 0, 0, 0, 0, 0, 0, 0, 0, 0, 0, 0, 0, 0, 0, 0, 0, 0, 0, 0, '', '', -1, '2024-05-01 01:13:17');
REPLACE INTO `gameobject_template` (`entry`, `type`, `displayId`, `name`, `IconName`, `castBarCaption`, `unk1`, `size`, `Data0`, `Data1`, `Data2`, `Data3`, `Data4`, `Data5`, `Data6`, `Data7`, `Data8`, `Data9`, `Data10`, `Data11`, `Data12`, `Data13`, `Data14`, `Data15`, `Data16`, `Data17`, `Data18`, `Data19`, `Data20`, `Data21`, `Data22`, `Data23`, `Data24`, `Data25`, `Data26`, `Data27`, `Data28`, `Data29`, `Data30`, `Data31`, `Data32`, `Data33`, `Data34`, `ContentTuningId`, `AIName`, `ScriptName`, `VerifiedBuild`, `updated`) VALUES (1003103, 5, 247801, 'sh_cupboard02f', '', '', '', 1, 0, 0, 0, 0, 0, 0, 0, 0, 0, 0, 0, 0, 0, 0, 0, 0, 0, 0, 0, 0, 0, 0, 0, 0, 0, 0, 0, 0, 0, 0, 0, 0, 0, 0, 0, 0, '', '', -1, '2024-05-01 01:13:15');
REPLACE INTO `gameobject_template` (`entry`, `type`, `displayId`, `name`, `IconName`, `castBarCaption`, `unk1`, `size`, `Data0`, `Data1`, `Data2`, `Data3`, `Data4`, `Data5`, `Data6`, `Data7`, `Data8`, `Data9`, `Data10`, `Data11`, `Data12`, `Data13`, `Data14`, `Data15`, `Data16`, `Data17`, `Data18`, `Data19`, `Data20`, `Data21`, `Data22`, `Data23`, `Data24`, `Data25`, `Data26`, `Data27`, `Data28`, `Data29`, `Data30`, `Data31`, `Data32`, `Data33`, `Data34`, `ContentTuningId`, `AIName`, `ScriptName`, `VerifiedBuild`, `updated`) VALUES (1003102, 5, 247800, 'sh_cupboard02e', '', '', '', 1, 0, 0, 0, 0, 0, 0, 0, 0, 0, 0, 0, 0, 0, 0, 0, 0, 0, 0, 0, 0, 0, 0, 0, 0, 0, 0, 0, 0, 0, 0, 0, 0, 0, 0, 0, 0, '', '', -1, '2024-05-01 01:13:08');
REPLACE INTO `gameobject_template` (`entry`, `type`, `displayId`, `name`, `IconName`, `castBarCaption`, `unk1`, `size`, `Data0`, `Data1`, `Data2`, `Data3`, `Data4`, `Data5`, `Data6`, `Data7`, `Data8`, `Data9`, `Data10`, `Data11`, `Data12`, `Data13`, `Data14`, `Data15`, `Data16`, `Data17`, `Data18`, `Data19`, `Data20`, `Data21`, `Data22`, `Data23`, `Data24`, `Data25`, `Data26`, `Data27`, `Data28`, `Data29`, `Data30`, `Data31`, `Data32`, `Data33`, `Data34`, `ContentTuningId`, `AIName`, `ScriptName`, `VerifiedBuild`, `updated`) VALUES (1003101, 5, 247799, 'sh_cupboard02d', '', '', '', 1, 0, 0, 0, 0, 0, 0, 0, 0, 0, 0, 0, 0, 0, 0, 0, 0, 0, 0, 0, 0, 0, 0, 0, 0, 0, 0, 0, 0, 0, 0, 0, 0, 0, 0, 0, 0, '', '', -1, '2024-05-01 01:12:54');
REPLACE INTO `gameobject_template` (`entry`, `type`, `displayId`, `name`, `IconName`, `castBarCaption`, `unk1`, `size`, `Data0`, `Data1`, `Data2`, `Data3`, `Data4`, `Data5`, `Data6`, `Data7`, `Data8`, `Data9`, `Data10`, `Data11`, `Data12`, `Data13`, `Data14`, `Data15`, `Data16`, `Data17`, `Data18`, `Data19`, `Data20`, `Data21`, `Data22`, `Data23`, `Data24`, `Data25`, `Data26`, `Data27`, `Data28`, `Data29`, `Data30`, `Data31`, `Data32`, `Data33`, `Data34`, `ContentTuningId`, `AIName`, `ScriptName`, `VerifiedBuild`, `updated`) VALUES (1003100, 5, 247798, 'sh_cupboard02c', '', '', '', 1, 0, 0, 0, 0, 0, 0, 0, 0, 0, 0, 0, 0, 0, 0, 0, 0, 0, 0, 0, 0, 0, 0, 0, 0, 0, 0, 0, 0, 0, 0, 0, 0, 0, 0, 0, 0, '', '', -1, '2024-05-01 01:12:52');
REPLACE INTO `gameobject_template` (`entry`, `type`, `displayId`, `name`, `IconName`, `castBarCaption`, `unk1`, `size`, `Data0`, `Data1`, `Data2`, `Data3`, `Data4`, `Data5`, `Data6`, `Data7`, `Data8`, `Data9`, `Data10`, `Data11`, `Data12`, `Data13`, `Data14`, `Data15`, `Data16`, `Data17`, `Data18`, `Data19`, `Data20`, `Data21`, `Data22`, `Data23`, `Data24`, `Data25`, `Data26`, `Data27`, `Data28`, `Data29`, `Data30`, `Data31`, `Data32`, `Data33`, `Data34`, `ContentTuningId`, `AIName`, `ScriptName`, `VerifiedBuild`, `updated`) VALUES (1003099, 5, 247797, 'sh_cupboard02b', '', '', '', 1, 0, 0, 0, 0, 0, 0, 0, 0, 0, 0, 0, 0, 0, 0, 0, 0, 0, 0, 0, 0, 0, 0, 0, 0, 0, 0, 0, 0, 0, 0, 0, 0, 0, 0, 0, 0, '', '', -1, '2024-05-01 01:12:48');
REPLACE INTO `gameobject_template` (`entry`, `type`, `displayId`, `name`, `IconName`, `castBarCaption`, `unk1`, `size`, `Data0`, `Data1`, `Data2`, `Data3`, `Data4`, `Data5`, `Data6`, `Data7`, `Data8`, `Data9`, `Data10`, `Data11`, `Data12`, `Data13`, `Data14`, `Data15`, `Data16`, `Data17`, `Data18`, `Data19`, `Data20`, `Data21`, `Data22`, `Data23`, `Data24`, `Data25`, `Data26`, `Data27`, `Data28`, `Data29`, `Data30`, `Data31`, `Data32`, `Data33`, `Data34`, `ContentTuningId`, `AIName`, `ScriptName`, `VerifiedBuild`, `updated`) VALUES (1003098, 5, 247796, 'sh_cupboard02a', '', '', '', 1, 0, 0, 0, 0, 0, 0, 0, 0, 0, 0, 0, 0, 0, 0, 0, 0, 0, 0, 0, 0, 0, 0, 0, 0, 0, 0, 0, 0, 0, 0, 0, 0, 0, 0, 0, 0, '', '', -1, '2024-05-01 01:09:34');
REPLACE INTO `gameobject_template` (`entry`, `type`, `displayId`, `name`, `IconName`, `castBarCaption`, `unk1`, `size`, `Data0`, `Data1`, `Data2`, `Data3`, `Data4`, `Data5`, `Data6`, `Data7`, `Data8`, `Data9`, `Data10`, `Data11`, `Data12`, `Data13`, `Data14`, `Data15`, `Data16`, `Data17`, `Data18`, `Data19`, `Data20`, `Data21`, `Data22`, `Data23`, `Data24`, `Data25`, `Data26`, `Data27`, `Data28`, `Data29`, `Data30`, `Data31`, `Data32`, `Data33`, `Data34`, `ContentTuningId`, `AIName`, `ScriptName`, `VerifiedBuild`, `updated`) VALUES (1003097, 5, 247795, 'sh_cupboard_empty01b', '', '', '', 1, 0, 0, 0, 0, 0, 0, 0, 0, 0, 0, 0, 0, 0, 0, 0, 0, 0, 0, 0, 0, 0, 0, 0, 0, 0, 0, 0, 0, 0, 0, 0, 0, 0, 0, 0, 0, '', '', -1, '2024-05-01 01:09:18');
REPLACE INTO `gameobject_template` (`entry`, `type`, `displayId`, `name`, `IconName`, `castBarCaption`, `unk1`, `size`, `Data0`, `Data1`, `Data2`, `Data3`, `Data4`, `Data5`, `Data6`, `Data7`, `Data8`, `Data9`, `Data10`, `Data11`, `Data12`, `Data13`, `Data14`, `Data15`, `Data16`, `Data17`, `Data18`, `Data19`, `Data20`, `Data21`, `Data22`, `Data23`, `Data24`, `Data25`, `Data26`, `Data27`, `Data28`, `Data29`, `Data30`, `Data31`, `Data32`, `Data33`, `Data34`, `ContentTuningId`, `AIName`, `ScriptName`, `VerifiedBuild`, `updated`) VALUES (1003094, 5, 247794, 'sh_cupboard_empty01a', '', '', '', 1, 0, 0, 0, 0, 0, 0, 0, 0, 0, 0, 0, 0, 0, 0, 0, 0, 0, 0, 0, 0, 0, 0, 0, 0, 0, 0, 0, 0, 0, 0, 0, 0, 0, 0, 0, 0, '', '', -1, '2024-05-01 01:09:15');
REPLACE INTO `gameobject_template` (`entry`, `type`, `displayId`, `name`, `IconName`, `castBarCaption`, `unk1`, `size`, `Data0`, `Data1`, `Data2`, `Data3`, `Data4`, `Data5`, `Data6`, `Data7`, `Data8`, `Data9`, `Data10`, `Data11`, `Data12`, `Data13`, `Data14`, `Data15`, `Data16`, `Data17`, `Data18`, `Data19`, `Data20`, `Data21`, `Data22`, `Data23`, `Data24`, `Data25`, `Data26`, `Data27`, `Data28`, `Data29`, `Data30`, `Data31`, `Data32`, `Data33`, `Data34`, `ContentTuningId`, `AIName`, `ScriptName`, `VerifiedBuild`, `updated`) VALUES (1003093, 5, 247793, 'sh_cupboard01e', '', '', '', 1, 0, 0, 0, 0, 0, 0, 0, 0, 0, 0, 0, 0, 0, 0, 0, 0, 0, 0, 0, 0, 0, 0, 0, 0, 0, 0, 0, 0, 0, 0, 0, 0, 0, 0, 0, 0, '', '', -1, '2024-05-01 01:09:11');
REPLACE INTO `gameobject_template` (`entry`, `type`, `displayId`, `name`, `IconName`, `castBarCaption`, `unk1`, `size`, `Data0`, `Data1`, `Data2`, `Data3`, `Data4`, `Data5`, `Data6`, `Data7`, `Data8`, `Data9`, `Data10`, `Data11`, `Data12`, `Data13`, `Data14`, `Data15`, `Data16`, `Data17`, `Data18`, `Data19`, `Data20`, `Data21`, `Data22`, `Data23`, `Data24`, `Data25`, `Data26`, `Data27`, `Data28`, `Data29`, `Data30`, `Data31`, `Data32`, `Data33`, `Data34`, `ContentTuningId`, `AIName`, `ScriptName`, `VerifiedBuild`, `updated`) VALUES (1003092, 5, 247792, 'sh_cupboard01d', '', '', '', 1, 0, 0, 0, 0, 0, 0, 0, 0, 0, 0, 0, 0, 0, 0, 0, 0, 0, 0, 0, 0, 0, 0, 0, 0, 0, 0, 0, 0, 0, 0, 0, 0, 0, 0, 0, 0, '', '', -1, '2024-05-01 01:09:08');
REPLACE INTO `gameobject_template` (`entry`, `type`, `displayId`, `name`, `IconName`, `castBarCaption`, `unk1`, `size`, `Data0`, `Data1`, `Data2`, `Data3`, `Data4`, `Data5`, `Data6`, `Data7`, `Data8`, `Data9`, `Data10`, `Data11`, `Data12`, `Data13`, `Data14`, `Data15`, `Data16`, `Data17`, `Data18`, `Data19`, `Data20`, `Data21`, `Data22`, `Data23`, `Data24`, `Data25`, `Data26`, `Data27`, `Data28`, `Data29`, `Data30`, `Data31`, `Data32`, `Data33`, `Data34`, `ContentTuningId`, `AIName`, `ScriptName`, `VerifiedBuild`, `updated`) VALUES (1003091, 5, 247791, 'sh_cupboard01c', '', '', '', 1, 0, 0, 0, 0, 0, 0, 0, 0, 0, 0, 0, 0, 0, 0, 0, 0, 0, 0, 0, 0, 0, 0, 0, 0, 0, 0, 0, 0, 0, 0, 0, 0, 0, 0, 0, 0, '', '', -1, '2024-05-01 01:09:05');
REPLACE INTO `gameobject_template` (`entry`, `type`, `displayId`, `name`, `IconName`, `castBarCaption`, `unk1`, `size`, `Data0`, `Data1`, `Data2`, `Data3`, `Data4`, `Data5`, `Data6`, `Data7`, `Data8`, `Data9`, `Data10`, `Data11`, `Data12`, `Data13`, `Data14`, `Data15`, `Data16`, `Data17`, `Data18`, `Data19`, `Data20`, `Data21`, `Data22`, `Data23`, `Data24`, `Data25`, `Data26`, `Data27`, `Data28`, `Data29`, `Data30`, `Data31`, `Data32`, `Data33`, `Data34`, `ContentTuningId`, `AIName`, `ScriptName`, `VerifiedBuild`, `updated`) VALUES (1003090, 5, 247790, 'sh_cupboard01b', '', '', '', 1, 0, 0, 0, 0, 0, 0, 0, 0, 0, 0, 0, 0, 0, 0, 0, 0, 0, 0, 0, 0, 0, 0, 0, 0, 0, 0, 0, 0, 0, 0, 0, 0, 0, 0, 0, 0, '', '', -1, '2024-05-01 01:09:02');
REPLACE INTO `gameobject_template` (`entry`, `type`, `displayId`, `name`, `IconName`, `castBarCaption`, `unk1`, `size`, `Data0`, `Data1`, `Data2`, `Data3`, `Data4`, `Data5`, `Data6`, `Data7`, `Data8`, `Data9`, `Data10`, `Data11`, `Data12`, `Data13`, `Data14`, `Data15`, `Data16`, `Data17`, `Data18`, `Data19`, `Data20`, `Data21`, `Data22`, `Data23`, `Data24`, `Data25`, `Data26`, `Data27`, `Data28`, `Data29`, `Data30`, `Data31`, `Data32`, `Data33`, `Data34`, `ContentTuningId`, `AIName`, `ScriptName`, `VerifiedBuild`, `updated`) VALUES (1003089, 5, 247789, 'sh_cupboard01a', '', '', '', 1, 0, 0, 0, 0, 0, 0, 0, 0, 0, 0, 0, 0, 0, 0, 0, 0, 0, 0, 0, 0, 0, 0, 0, 0, 0, 0, 0, 0, 0, 0, 0, 0, 0, 0, 0, 0, '', '', -1, '2024-05-01 01:09:00');

REPLACE INTO `furniture_catalog` (`id`, `categorization_date`, `categorized_by`, `authorised_by`, `price`, `updated`, `client_flag`) VALUES (1003121, 1714589905, 'Schattenhain', '', 10, 1714589905, 0);
REPLACE INTO `furniture_catalog` (`id`, `categorization_date`, `categorized_by`, `authorised_by`, `price`, `updated`, `client_flag`) VALUES (1003120, 1714589905, 'Schattenhain', '', 10, 1714589905, 0);
REPLACE INTO `furniture_catalog` (`id`, `categorization_date`, `categorized_by`, `authorised_by`, `price`, `updated`, `client_flag`) VALUES (1003119, 1714589905, 'Schattenhain', '', 10, 1714589905, 0);
REPLACE INTO `furniture_catalog` (`id`, `categorization_date`, `categorized_by`, `authorised_by`, `price`, `updated`, `client_flag`) VALUES (1003118, 1714589905, 'Schattenhain', '', 10, 1714589905, 0);
REPLACE INTO `furniture_catalog` (`id`, `categorization_date`, `categorized_by`, `authorised_by`, `price`, `updated`, `client_flag`) VALUES (1003117, 1714589905, 'Schattenhain', '', 10, 1714589905, 0);
REPLACE INTO `furniture_catalog` (`id`, `categorization_date`, `categorized_by`, `authorised_by`, `price`, `updated`, `client_flag`) VALUES (1003116, 1714589905, 'Schattenhain', '', 10, 1714589905, 0);
REPLACE INTO `furniture_catalog` (`id`, `categorization_date`, `categorized_by`, `authorised_by`, `price`, `updated`, `client_flag`) VALUES (1003115, 1714589905, 'Schattenhain', '', 10, 1714589905, 0);
REPLACE INTO `furniture_catalog` (`id`, `categorization_date`, `categorized_by`, `authorised_by`, `price`, `updated`, `client_flag`) VALUES (1003114, 1714589905, 'Schattenhain', '', 10, 1714589905, 0);
REPLACE INTO `furniture_catalog` (`id`, `categorization_date`, `categorized_by`, `authorised_by`, `price`, `updated`, `client_flag`) VALUES (1003113, 1714589905, 'Schattenhain', '', 10, 1714589905, 0);
REPLACE INTO `furniture_catalog` (`id`, `categorization_date`, `categorized_by`, `authorised_by`, `price`, `updated`, `client_flag`) VALUES (1003112, 1714659309, 'Ciridian', 'Kathleya', 10, 1714659309, 0);
REPLACE INTO `furniture_catalog` (`id`, `categorization_date`, `categorized_by`, `authorised_by`, `price`, `updated`, `client_flag`) VALUES (1003111, 1714659305, 'Ciridian', 'Kathleya', 10, 1714659305, 0);
REPLACE INTO `furniture_catalog` (`id`, `categorization_date`, `categorized_by`, `authorised_by`, `price`, `updated`, `client_flag`) VALUES (1003110, 1714659301, 'Ciridian', 'Kathleya', 10, 1714659301, 0);
REPLACE INTO `furniture_catalog` (`id`, `categorization_date`, `categorized_by`, `authorised_by`, `price`, `updated`, `client_flag`) VALUES (1003109, 1714659297, 'Ciridian', 'Kathleya', 10, 1714659297, 0);
REPLACE INTO `furniture_catalog` (`id`, `categorization_date`, `categorized_by`, `authorised_by`, `price`, `updated`, `client_flag`) VALUES (1003108, 1714589905, 'Schattenhain', '', 100, 1714589905, 0);
REPLACE INTO `furniture_catalog` (`id`, `categorization_date`, `categorized_by`, `authorised_by`, `price`, `updated`, `client_flag`) VALUES (1003107, 1714589905, 'Schattenhain', '', 100, 1714589905, 0);
REPLACE INTO `furniture_catalog` (`id`, `categorization_date`, `categorized_by`, `authorised_by`, `price`, `updated`, `client_flag`) VALUES (1003106, 1714589905, 'Schattenhain', '', 100, 1714589905, 0);
REPLACE INTO `furniture_catalog` (`id`, `categorization_date`, `categorized_by`, `authorised_by`, `price`, `updated`, `client_flag`) VALUES (1003105, 1714589905, 'Schattenhain', '', 100, 1714589905, 0);
REPLACE INTO `furniture_catalog` (`id`, `categorization_date`, `categorized_by`, `authorised_by`, `price`, `updated`, `client_flag`) VALUES (1003104, 1714589905, 'Schattenhain', '', 100, 1714589905, 0);
REPLACE INTO `furniture_catalog` (`id`, `categorization_date`, `categorized_by`, `authorised_by`, `price`, `updated`, `client_flag`) VALUES (1003103, 1714589905, 'Schattenhain', '', 100, 1714589905, 0);
REPLACE INTO `furniture_catalog` (`id`, `categorization_date`, `categorized_by`, `authorised_by`, `price`, `updated`, `client_flag`) VALUES (1003102, 1714589905, 'Schattenhain', '', 100, 1714589905, 0);
REPLACE INTO `furniture_catalog` (`id`, `categorization_date`, `categorized_by`, `authorised_by`, `price`, `updated`, `client_flag`) VALUES (1003101, 1714589905, 'Schattenhain', '', 100, 1714589905, 0);
REPLACE INTO `furniture_catalog` (`id`, `categorization_date`, `categorized_by`, `authorised_by`, `price`, `updated`, `client_flag`) VALUES (1003100, 1714589905, 'Schattenhain', '', 100, 1714589905, 0);
REPLACE INTO `furniture_catalog` (`id`, `categorization_date`, `categorized_by`, `authorised_by`, `price`, `updated`, `client_flag`) VALUES (1003099, 1714589905, 'Schattenhain', '', 100, 1714589905, 0);
REPLACE INTO `furniture_catalog` (`id`, `categorization_date`, `categorized_by`, `authorised_by`, `price`, `updated`, `client_flag`) VALUES (1003098, 1714589905, 'Schattenhain', '', 100, 1714589905, 0);
REPLACE INTO `furniture_catalog` (`id`, `categorization_date`, `categorized_by`, `authorised_by`, `price`, `updated`, `client_flag`) VALUES (1003097, 1714589905, 'Schattenhain', '', 100, 1714589905, 0);
REPLACE INTO `furniture_catalog` (`id`, `categorization_date`, `categorized_by`, `authorised_by`, `price`, `updated`, `client_flag`) VALUES (1003096, 1714589905, 'Schattenhain', '', 100, 1714589905, 0);
REPLACE INTO `furniture_catalog` (`id`, `categorization_date`, `categorized_by`, `authorised_by`, `price`, `updated`, `client_flag`) VALUES (1003095, 1714589905, 'Schattenhain', '', 100, 1714589905, 0);
REPLACE INTO `furniture_catalog` (`id`, `categorization_date`, `categorized_by`, `authorised_by`, `price`, `updated`, `client_flag`) VALUES (1003094, 1714589905, 'Schattenhain', '', 100, 1714589905, 0);
REPLACE INTO `furniture_catalog` (`id`, `categorization_date`, `categorized_by`, `authorised_by`, `price`, `updated`, `client_flag`) VALUES (1003093, 1714589905, 'Schattenhain', '', 100, 1714589905, 0);
REPLACE INTO `furniture_catalog` (`id`, `categorization_date`, `categorized_by`, `authorised_by`, `price`, `updated`, `client_flag`) VALUES (1003092, 1714589905, 'Schattenhain', '', 100, 1714589905, 0);
REPLACE INTO `furniture_catalog` (`id`, `categorization_date`, `categorized_by`, `authorised_by`, `price`, `updated`, `client_flag`) VALUES (1003091, 1714589905, 'Schattenhain', '', 100, 1714589905, 0);
REPLACE INTO `furniture_catalog` (`id`, `categorization_date`, `categorized_by`, `authorised_by`, `price`, `updated`, `client_flag`) VALUES (1003090, 1714589905, 'Schattenhain', '', 100, 1714589905, 0);
REPLACE INTO `furniture_catalog` (`id`, `categorization_date`, `categorized_by`, `authorised_by`, `price`, `updated`, `client_flag`) VALUES (1003089, 1714589905, 'Schattenhain', '', 100, 1714589905, 0);

REPLACE INTO `furniture_catalog_category` (`furniture_id`, `category_id`) VALUES (1003121, 12);
REPLACE INTO `furniture_catalog_category` (`furniture_id`, `category_id`) VALUES (1003120, 12);
REPLACE INTO `furniture_catalog_category` (`furniture_id`, `category_id`) VALUES (1003119, 12);
REPLACE INTO `furniture_catalog_category` (`furniture_id`, `category_id`) VALUES (1003118, 12);
REPLACE INTO `furniture_catalog_category` (`furniture_id`, `category_id`) VALUES (1003117, 12);
REPLACE INTO `furniture_catalog_category` (`furniture_id`, `category_id`) VALUES (1003116, 13);
REPLACE INTO `furniture_catalog_category` (`furniture_id`, `category_id`) VALUES (1003115, 13);
REPLACE INTO `furniture_catalog_category` (`furniture_id`, `category_id`) VALUES (1003114, 13);
REPLACE INTO `furniture_catalog_category` (`furniture_id`, `category_id`) VALUES (1003113, 12);
REPLACE INTO `furniture_catalog_category` (`furniture_id`, `category_id`) VALUES (1003112, 24);
REPLACE INTO `furniture_catalog_category` (`furniture_id`, `category_id`) VALUES (1003111, 24);
REPLACE INTO `furniture_catalog_category` (`furniture_id`, `category_id`) VALUES (1003110, 24);
REPLACE INTO `furniture_catalog_category` (`furniture_id`, `category_id`) VALUES (1003109, 24);
REPLACE INTO `furniture_catalog_category` (`furniture_id`, `category_id`) VALUES (1003108, 10);
REPLACE INTO `furniture_catalog_category` (`furniture_id`, `category_id`) VALUES (1003107, 10);
REPLACE INTO `furniture_catalog_category` (`furniture_id`, `category_id`) VALUES (1003106, 10);
REPLACE INTO `furniture_catalog_category` (`furniture_id`, `category_id`) VALUES (1003105, 10);
REPLACE INTO `furniture_catalog_category` (`furniture_id`, `category_id`) VALUES (1003104, 10);
REPLACE INTO `furniture_catalog_category` (`furniture_id`, `category_id`) VALUES (1003103, 10);
REPLACE INTO `furniture_catalog_category` (`furniture_id`, `category_id`) VALUES (1003102, 10);
REPLACE INTO `furniture_catalog_category` (`furniture_id`, `category_id`) VALUES (1003101, 10);
REPLACE INTO `furniture_catalog_category` (`furniture_id`, `category_id`) VALUES (1003100, 10);
REPLACE INTO `furniture_catalog_category` (`furniture_id`, `category_id`) VALUES (1003099, 10);
REPLACE INTO `furniture_catalog_category` (`furniture_id`, `category_id`) VALUES (1003098, 10);
REPLACE INTO `furniture_catalog_category` (`furniture_id`, `category_id`) VALUES (1003097, 10);
REPLACE INTO `furniture_catalog_category` (`furniture_id`, `category_id`) VALUES (1003096, 10);
REPLACE INTO `furniture_catalog_category` (`furniture_id`, `category_id`) VALUES (1003095, 10);
REPLACE INTO `furniture_catalog_category` (`furniture_id`, `category_id`) VALUES (1003094, 10);
REPLACE INTO `furniture_catalog_category` (`furniture_id`, `category_id`) VALUES (1003093, 10);
REPLACE INTO `furniture_catalog_category` (`furniture_id`, `category_id`) VALUES (1003092, 10);
REPLACE INTO `furniture_catalog_category` (`furniture_id`, `category_id`) VALUES (1003091, 10);
REPLACE INTO `furniture_catalog_category` (`furniture_id`, `category_id`) VALUES (1003090, 10);
REPLACE INTO `furniture_catalog_category` (`furniture_id`, `category_id`) VALUES (1003089, 10);
